ID,Age,Age points,Age group,Sex,Job,Job points,Housing,Housing points,Saving accounts,Saving points,Checking account,Checking points,Credit amount,Credit points,Duration,Duration points,Purpose,Total score,Risk
0,67,30,41-75,male,2,20,own,20,NA,5,little,10,1169,30,6,20,radio/TV,135,Medium risk
1,22,10,<25,female,2,20,own,20,little,10,moderate,20,5951,15,48,10,radio/TV,105,Medium risk
2,49,30,41-75,male,1,10,own,20,little,10,NA,5,2096,30,12,20,education,125,Medium risk
3,45,30,41-75,male,2,20,free,5,little,10,little,10,7882,15,42,10,furniture/equipment,100,High risk
4,53,30,41-75,male,2,20,free,5,little,10,little,10,4870,15,24,10,car,100,High risk
5,35,20,25-40,male,1,10,free,5,NA,5,NA,5,9055,15,36,10,education,70,High risk
6,53,30,41-75,male,2,20,own,20,quite rich,30,NA,5,2835,30,24,10,furniture/equipment,145,Low risk
7,35,20,25-40,male,3,30,rent,10,little,10,moderate,20,6948,15,36,10,car,115,Medium risk
8,61,30,41-75,male,1,10,own,20,rich,20,NA,5,3059,15,12,20,radio/TV,120,Medium risk
9,28,20,25-40,male,3,30,own,20,little,10,moderate,20,5234,15,30,10,car,125,Medium risk
10,25,20,25-40,female,2,20,rent,10,little,10,moderate,20,1295,30,12,20,car,130,Medium risk
11,24,10,<25,female,2,20,rent,10,little,10,little,10,4308,15,48,10,business,85,High risk
12,22,10,<25,female,2,20,own,20,little,10,moderate,20,1567,30,12,20,radio/TV,130,Medium risk
13,60,30,41-75,male,1,10,own,20,little,10,little,10,1199,30,24,10,car,120,Medium risk
14,28,20,25-40,female,2,20,rent,10,little,10,little,10,1403,30,15,10,car,110,Medium risk
15,32,20,25-40,female,1,10,own,20,moderate,15,little,10,1282,30,24,10,radio/TV,115,Medium risk
16,53,30,41-75,male,2,20,own,20,NA,5,NA,5,2424,30,24,10,radio/TV,120,Medium risk
17,25,20,25-40,male,2,20,own,20,NA,5,little,10,8072,15,30,10,business,100,High risk
18,44,30,41-75,female,3,30,free,5,little,10,moderate,20,12579,5,24,10,car,110,Medium risk
19,31,20,25-40,male,2,20,own,20,quite rich,30,NA,5,3430,15,24,10,radio/TV,120,Medium risk
20,48,30,41-75,male,2,20,own,20,little,10,NA,5,2134,30,9,20,car,135,Medium risk
21,44,30,41-75,male,2,20,rent,10,quite rich,30,little,10,2647,30,6,20,radio/TV,150,Low risk
22,48,30,41-75,male,1,10,rent,10,little,10,little,10,2241,30,10,20,car,120,Medium risk
23,44,30,41-75,male,2,20,own,20,moderate,15,moderate,20,1804,30,12,20,car,155,Low risk
24,26,20,25-40,male,2,20,own,20,NA,5,NA,5,2069,30,10,20,furniture/equipment,120,Medium risk
25,36,20,25-40,male,1,10,own,20,little,10,little,10,1374,30,6,20,furniture/equipment,120,Medium risk
26,39,20,25-40,male,1,10,own,20,little,10,NA,5,426,30,6,20,radio/TV,115,Medium risk
27,42,30,41-75,female,2,20,rent,10,rich,20,rich,30,409,30,12,20,radio/TV,160,Low risk
28,34,20,25-40,male,2,20,own,20,little,10,moderate,20,2415,30,7,20,radio/TV,140,Low risk
29,63,30,41-75,male,2,20,own,20,little,10,little,10,6836,15,60,5,business,110,Medium risk
30,36,20,25-40,male,2,20,own,20,rich,20,moderate,20,1913,30,18,10,business,140,Low risk
31,27,20,25-40,male,2,20,own,20,little,10,little,10,4020,15,24,10,furniture/equipment,105,Medium risk
32,30,20,25-40,male,2,20,own,20,moderate,15,moderate,20,5866,15,18,10,car,120,Medium risk
33,57,30,41-75,male,1,10,rent,10,NA,5,NA,5,1264,30,12,20,business,110,Medium risk
34,33,20,25-40,female,3,30,own,20,little,10,rich,30,1474,30,12,20,furniture/equipment,160,Low risk
35,25,20,25-40,male,1,10,own,20,little,10,moderate,20,4746,15,45,10,radio/TV,105,Medium risk
36,31,20,25-40,male,2,20,free,5,little,10,NA,5,6110,15,48,10,education,85,High risk
37,37,20,25-40,male,2,20,own,20,little,10,rich,30,2100,30,18,10,radio/TV,140,Low risk
38,37,20,25-40,male,2,20,own,20,little,10,rich,30,1225,30,10,20,domestic appliances,150,Low risk
39,24,10,<25,male,2,20,own,20,little,10,moderate,20,458,30,9,20,radio/TV,130,Medium risk
40,30,20,25-40,male,3,30,own,20,quite rich,30,NA,5,2333,30,30,10,radio/TV,145,Low risk
41,26,20,25-40,male,2,20,own,20,quite rich,30,moderate,20,1158,30,12,20,radio/TV,160,Low risk
42,44,30,41-75,male,1,10,own,20,little,10,moderate,20,6204,15,18,10,repairs,115,Medium risk
43,24,10,<25,male,2,20,rent,10,moderate,15,little,10,6187,15,30,10,car,90,High risk
44,58,30,41-75,female,1,10,free,5,little,10,little,10,6143,15,48,10,car,90,High risk
45,35,20,25-40,female,3,30,own,20,little,10,NA,5,1393,30,11,20,car,135,Medium risk
46,39,20,25-40,male,2,20,own,20,quite rich,30,NA,5,2299,30,36,10,radio/TV,135,Medium risk
47,23,10,<25,female,0,5,rent,10,quite rich,30,little,10,1352,30,6,20,car,115,Medium risk
48,39,20,25-40,male,1,10,own,20,little,10,NA,5,7228,15,11,20,car,100,High risk
49,28,20,25-40,female,2,20,own,20,moderate,15,NA,5,2073,30,12,20,radio/TV,130,Medium risk
50,29,20,25-40,male,1,10,own,20,NA,5,moderate,20,2333,30,24,10,furniture/equipment,115,Medium risk
51,30,20,25-40,male,3,30,own,20,little,10,moderate,20,5965,15,27,10,car,125,Medium risk
52,25,20,25-40,male,2,20,own,20,little,10,NA,5,1262,30,12,20,radio/TV,125,Medium risk
53,31,20,25-40,male,2,20,own,20,NA,5,NA,5,3378,15,18,10,car,95,High risk
54,57,30,41-75,male,2,20,free,5,little,10,moderate,20,2225,30,36,10,car,125,Medium risk
55,26,20,25-40,male,1,10,own,20,NA,5,NA,5,783,30,6,20,car,110,Medium risk
56,52,30,41-75,male,3,30,own,20,NA,5,moderate,20,6468,15,12,20,radio/TV,140,Low risk
57,31,20,25-40,female,2,20,own,20,little,10,NA,5,9566,15,36,10,radio/TV,100,High risk
58,23,10,<25,female,3,30,own,20,little,10,rich,30,1961,30,18,10,car,140,Low risk
59,23,10,<25,female,1,10,rent,10,little,10,little,10,6229,15,36,10,furniture/equipment,75,High risk
60,27,20,25-40,male,2,20,own,20,little,10,moderate,20,1391,30,9,20,business,140,Low risk
61,50,30,41-75,male,2,20,own,20,NA,5,moderate,20,1537,30,15,10,radio/TV,135,Medium risk
62,61,30,41-75,male,3,30,free,5,little,10,moderate,20,1953,30,36,10,business,135,Medium risk
63,25,20,25-40,male,2,20,own,20,little,10,moderate,20,14421,5,48,10,business,105,Medium risk
64,26,20,25-40,female,2,20,own,20,little,10,NA,5,3181,15,24,10,radio/TV,100,High risk
65,48,30,41-75,male,2,20,own,20,NA,5,NA,5,5190,15,27,10,repairs,105,Medium risk
66,29,20,25-40,female,2,20,own,20,little,10,NA,5,2171,30,12,20,radio/TV,125,Medium risk
67,22,10,<25,male,2,20,own,20,rich,20,moderate,20,1007,30,12,20,car,140,Low risk
68,37,20,25-40,male,2,20,free,5,little,10,NA,5,1819,30,36,10,education,100,High risk
69,25,20,25-40,female,2,20,own,20,NA,5,NA,5,2394,30,36,10,radio/TV,110,Medium risk
70,30,20,25-40,female,2,20,own,20,little,10,NA,5,8133,15,36,10,car,100,High risk
71,46,30,41-75,male,1,10,rent,10,NA,5,NA,5,730,30,7,20,radio/TV,110,Medium risk
72,51,30,41-75,male,3,30,free,5,little,10,little,10,1164,30,8,20,vacation/others,135,Medium risk
73,41,30,41-75,female,1,10,own,20,little,10,moderate,20,5954,15,42,10,business,115,Medium risk
74,40,30,25-40,male,3,30,own,20,NA,5,little,10,1977,30,36,10,education,135,Medium risk
75,66,30,41-75,male,3,30,free,5,little,10,little,10,1526,30,12,20,car,135,Medium risk
76,34,20,25-40,male,2,20,own,20,little,10,little,10,3965,15,42,10,radio/TV,105,Medium risk
77,51,30,41-75,male,2,20,own,20,little,10,moderate,20,4771,15,11,20,radio/TV,135,Medium risk
78,39,20,25-40,male,1,10,own,20,NA,5,NA,5,9436,15,54,5,car,80,High risk
79,22,10,<25,male,2,20,own,20,little,10,moderate,20,3832,15,30,10,furniture/equipment,105,Medium risk
80,44,30,41-75,female,2,20,own,20,NA,5,NA,5,5943,15,24,10,radio/TV,105,Medium risk
81,47,30,41-75,male,2,20,own,20,quite rich,30,NA,5,1213,30,15,10,radio/TV,145,Low risk
82,24,10,<25,female,1,10,rent,10,moderate,15,NA,5,1568,30,18,10,business,90,High risk
83,58,30,41-75,female,1,10,own,20,little,10,little,10,1755,30,24,10,vacation/others,120,Medium risk
84,52,30,41-75,male,1,10,own,20,little,10,little,10,2315,30,10,20,radio/TV,130,Medium risk
85,29,20,25-40,female,3,30,own,20,little,10,NA,5,1412,30,12,20,business,135,Medium risk
86,27,20,25-40,female,2,20,own,20,little,10,moderate,20,1295,30,18,10,furniture/equipment,130,Medium risk
87,47,30,41-75,male,2,20,free,5,moderate,15,moderate,20,12612,5,36,10,education,105,Medium risk
88,30,20,25-40,male,3,30,own,20,moderate,15,little,10,2249,30,18,10,car,135,Medium risk
89,28,20,25-40,male,2,20,own,20,little,10,little,10,1108,30,12,20,repairs,130,Medium risk
90,56,30,41-75,male,2,20,own,20,little,10,NA,5,618,30,12,20,radio/TV,135,Medium risk
91,54,30,41-75,male,2,20,own,20,little,10,little,10,1409,30,12,20,car,140,Low risk
92,33,20,25-40,female,1,10,own,20,NA,5,NA,5,797,30,12,20,radio/TV,110,Medium risk
93,20,10,<25,male,2,20,rent,10,NA,5,rich,30,3617,15,24,10,furniture/equipment,100,High risk
94,54,30,41-75,male,2,20,own,20,rich,20,moderate,20,1318,30,12,20,car,160,Low risk
95,58,30,41-75,male,2,20,rent,10,little,10,moderate,20,15945,5,54,5,business,100,High risk
96,61,30,41-75,female,2,20,own,20,NA,5,NA,5,2012,30,12,20,education,130,Medium risk
97,34,20,25-40,male,2,20,own,20,moderate,15,moderate,20,2622,30,18,10,business,135,Medium risk
98,36,20,25-40,male,2,20,own,20,little,10,moderate,20,2337,30,36,10,radio/TV,130,Medium risk
99,36,20,25-40,male,3,30,rent,10,NA,5,moderate,20,7057,15,20,10,car,110,Medium risk
100,41,30,41-75,male,1,10,rent,10,moderate,15,NA,5,1469,30,24,10,car,110,Medium risk
101,24,10,<25,male,2,20,rent,10,little,10,moderate,20,2323,30,36,10,radio/TV,110,Medium risk
102,24,10,<25,female,2,20,own,20,little,10,NA,5,932,30,6,20,radio/TV,115,Medium risk
103,35,20,25-40,male,2,20,rent,10,little,10,moderate,20,1919,30,9,20,furniture/equipment,130,Medium risk
104,26,20,25-40,male,2,20,rent,10,NA,5,NA,5,2445,30,12,20,car,110,Medium risk
105,39,20,25-40,male,3,30,own,20,little,10,moderate,20,11938,5,24,10,vacation/others,115,Medium risk
106,39,20,25-40,male,3,30,own,20,little,10,NA,5,6458,15,18,10,car,110,Medium risk
107,32,20,25-40,male,2,20,own,20,little,10,moderate,20,6078,15,12,20,car,125,Medium risk
108,30,20,25-40,female,2,20,own,20,NA,5,little,10,7721,15,24,10,furniture/equipment,100,High risk
109,35,20,25-40,male,2,20,own,20,quite rich,30,moderate,20,1410,30,14,10,business,150,Low risk
110,31,20,25-40,male,2,20,own,20,moderate,15,moderate,20,1449,30,6,20,business,145,Low risk
111,23,10,<25,female,2,20,rent,10,little,10,rich,30,392,30,15,10,education,120,Medium risk
112,28,20,25-40,male,1,10,rent,10,little,10,moderate,20,6260,15,18,10,car,95,High risk
113,25,20,25-40,female,2,20,own,20,little,10,NA,5,7855,15,36,10,car,100,High risk
114,35,20,25-40,male,2,20,own,20,quite rich,30,little,10,1680,30,12,20,radio/TV,150,Low risk
115,47,30,41-75,male,2,20,own,20,NA,5,NA,5,3578,15,48,10,radio/TV,105,Medium risk
116,30,20,25-40,female,3,30,own,20,NA,5,little,10,7174,15,42,10,radio/TV,110,Medium risk
117,27,20,25-40,female,2,20,rent,10,NA,5,little,10,2132,30,10,20,furniture/equipment,115,Medium risk
118,23,10,<25,female,2,20,own,20,quite rich,30,little,10,4281,15,33,10,furniture/equipment,115,Medium risk
119,36,20,25-40,male,3,30,own,20,quite rich,30,moderate,20,2366,30,12,20,car,170,Low risk
120,25,20,25-40,female,2,20,own,20,little,10,little,10,1835,30,21,10,radio/TV,120,Medium risk
121,41,30,41-75,female,3,30,rent,10,little,10,NA,5,3868,15,24,10,car,110,Medium risk
122,24,10,<25,male,1,10,rent,10,little,10,NA,5,1768,30,12,20,furniture/equipment,95,High risk
123,63,30,41-75,male,2,20,free,5,little,10,rich,30,781,30,10,20,car,145,Low risk
124,27,20,25-40,female,2,20,rent,10,NA,5,moderate,20,1924,30,18,10,furniture/equipment,115,Medium risk
125,30,20,25-40,male,2,20,own,20,little,10,little,10,2121,30,12,20,car,130,Medium risk
126,40,30,25-40,male,1,10,own,20,little,10,little,10,701,30,12,20,radio/TV,130,Medium risk
127,30,20,25-40,male,2,20,own,20,little,10,moderate,20,639,30,12,20,repairs,140,Low risk
128,34,20,25-40,male,3,30,own,20,little,10,moderate,20,1860,30,12,20,car,150,Low risk
129,29,20,25-40,female,2,20,own,20,little,10,little,10,3499,15,12,20,car,115,Medium risk
130,24,10,<25,female,2,20,own,20,NA,5,moderate,20,8487,15,48,10,car,100,High risk
131,29,20,25-40,male,2,20,own,20,little,10,little,10,6887,15,36,10,education,105,Medium risk
132,27,20,25-40,male,1,10,own,20,little,10,NA,5,2708,30,15,10,furniture/equipment,105,Medium risk
133,47,30,41-75,male,2,20,free,5,little,10,NA,5,1984,30,18,10,furniture/equipment,110,Medium risk
134,21,10,<25,female,2,20,own,20,moderate,15,NA,5,10144,5,60,5,radio/TV,80,High risk
135,38,20,25-40,female,2,20,own,20,NA,5,NA,5,1240,30,12,20,radio/TV,120,Medium risk
136,27,20,25-40,male,2,20,own,20,rich,20,NA,5,8613,15,27,10,car,110,Medium risk
137,66,30,41-75,male,1,10,own,20,quite rich,30,moderate,20,766,30,12,20,radio/TV,160,Low risk
138,35,20,25-40,male,2,20,own,20,NA,5,moderate,20,2728,30,15,10,radio/TV,125,Medium risk
139,44,30,41-75,female,1,10,rent,10,little,10,rich,30,1881,30,12,20,radio/TV,140,Low risk
140,27,20,25-40,male,0,5,own,20,rich,20,rich,30,709,30,6,20,car,145,Low risk
141,30,20,25-40,female,3,30,own,20,little,10,moderate,20,4795,15,36,10,radio/TV,125,Medium risk
142,27,20,25-40,male,3,30,own,20,little,10,little,10,3416,15,27,10,radio/TV,115,Medium risk
143,22,10,<25,male,2,20,own,20,little,10,little,10,2462,30,18,10,furniture/equipment,110,Medium risk
144,23,10,<25,female,2,20,own,20,little,10,NA,5,2288,30,21,10,furniture/equipment,105,Medium risk
145,30,20,25-40,male,2,20,own,20,moderate,15,moderate,20,3566,15,48,10,business,120,Medium risk
146,39,20,25-40,female,2,20,own,20,little,10,little,10,860,30,6,20,car,130,Medium risk
147,51,30,41-75,female,2,20,own,20,moderate,15,NA,5,682,30,12,20,car,140,Low risk
148,28,20,25-40,male,2,20,own,20,little,10,little,10,5371,15,36,10,furniture/equipment,105,Medium risk
149,46,30,41-75,male,2,20,own,20,rich,20,NA,5,1582,30,18,10,radio/TV,135,Medium risk
150,42,30,41-75,male,2,20,free,5,moderate,15,NA,5,1346,30,6,20,radio/TV,125,Medium risk
151,38,20,25-40,male,2,20,own,20,little,10,NA,5,1924,30,10,20,radio/TV,125,Medium risk
152,24,10,<25,male,2,20,own,20,little,10,rich,30,5848,15,36,10,radio/TV,115,Medium risk
153,29,20,25-40,female,2,20,rent,10,rich,20,moderate,20,7758,15,24,10,car,115,Medium risk
154,36,20,25-40,male,3,30,rent,10,moderate,15,moderate,20,6967,15,24,10,business,120,Medium risk
155,20,10,<25,female,2,20,rent,10,little,10,little,10,1282,30,12,20,furniture/equipment,110,Medium risk
156,48,30,41-75,male,2,20,own,20,moderate,15,little,10,1288,30,9,20,repairs,145,Low risk
157,45,30,41-75,male,1,10,own,20,little,10,little,10,339,30,12,20,education,130,Medium risk
158,38,20,25-40,male,2,20,own,20,moderate,15,moderate,20,3512,15,24,10,car,120,Medium risk
159,34,20,25-40,male,1,10,own,20,NA,5,NA,5,1898,30,6,20,radio/TV,110,Medium risk
160,36,20,25-40,male,2,20,own,20,moderate,15,NA,5,2872,30,24,10,radio/TV,120,Medium risk
161,30,20,25-40,female,2,20,own,20,little,10,NA,5,1055,30,18,10,car,115,Medium risk
162,36,20,25-40,male,2,20,own,20,quite rich,30,NA,5,1262,30,15,10,domestic appliances,135,Medium risk
163,70,30,41-75,male,3,30,free,5,little,10,moderate,20,7308,15,10,20,car,130,Medium risk
164,36,20,25-40,male,2,20,own,20,quite rich,30,NA,5,909,30,36,10,car,135,Medium risk
165,32,20,25-40,male,2,20,own,20,quite rich,30,NA,5,2978,30,6,20,furniture/equipment,145,Low risk
166,33,20,25-40,female,2,20,own,20,little,10,little,10,1131,30,18,10,furniture/equipment,120,Medium risk
167,20,10,<25,female,2,20,own,20,rich,20,moderate,20,1577,30,11,20,furniture/equipment,140,Low risk
168,25,20,25-40,female,2,20,rent,10,little,10,NA,5,3972,15,24,10,furniture/equipment,90,High risk
169,31,20,25-40,male,2,20,own,20,little,10,moderate,20,1935,30,24,10,business,130,Medium risk
170,33,20,25-40,male,2,20,rent,10,little,10,little,10,950,30,15,10,car,110,Medium risk
171,26,20,25-40,female,2,20,own,20,little,10,NA,5,763,30,12,20,furniture/equipment,125,Medium risk
172,34,20,25-40,female,3,30,own,20,little,10,moderate,20,2064,30,24,10,furniture/equipment,140,Low risk
173,33,20,25-40,male,2,20,own,20,little,10,moderate,20,1414,30,8,20,radio/TV,140,Low risk
174,26,20,25-40,male,2,20,own,20,little,10,little,10,3414,15,21,10,education,105,Medium risk
175,53,30,41-75,female,3,30,own,20,NA,5,NA,5,7485,15,30,10,car,115,Medium risk
176,42,30,41-75,male,2,20,own,20,little,10,little,10,2577,30,12,20,furniture/equipment,140,Low risk
177,52,30,41-75,male,2,20,own,20,quite rich,30,little,10,338,30,6,20,radio/TV,160,Low risk
178,31,20,25-40,male,3,30,rent,10,little,10,NA,5,1963,30,12,20,radio/TV,125,Medium risk
179,65,30,41-75,male,2,20,own,20,little,10,little,10,571,30,21,10,car,130,Medium risk
180,28,20,25-40,male,2,20,own,20,little,10,NA,5,9572,15,36,10,business,100,High risk
181,30,20,25-40,male,3,30,own,20,little,10,moderate,20,4455,15,36,10,business,125,Medium risk
182,40,30,25-40,male,1,10,own,20,NA,5,little,10,1647,30,21,10,car,115,Medium risk
183,50,30,41-75,male,2,20,own,20,rich,20,NA,5,3777,15,24,10,furniture/equipment,120,Medium risk
184,36,20,25-40,male,2,20,own,20,little,10,moderate,20,884,30,18,10,car,130,Medium risk
185,31,20,25-40,male,2,20,own,20,little,10,NA,5,1360,30,15,10,radio/TV,115,Medium risk
186,74,30,41-75,female,3,30,free,5,little,10,moderate,20,5129,15,9,20,car,130,Medium risk
187,68,30,41-75,male,0,5,free,5,little,10,moderate,20,1175,30,16,10,car,110,Medium risk
188,20,10,<25,male,2,20,own,20,moderate,15,little,10,674,30,12,20,radio/TV,125,Medium risk
189,33,20,25-40,female,2,20,own,20,little,10,moderate,20,3244,15,18,10,furniture/equipment,115,Medium risk
190,54,30,41-75,male,3,30,own,20,rich,20,NA,5,4591,15,24,10,business,130,Medium risk
191,34,20,25-40,male,1,10,free,5,moderate,15,moderate,20,3844,15,48,10,business,95,High risk
192,36,20,25-40,male,2,20,own,20,little,10,moderate,20,3915,15,27,10,business,115,Medium risk
193,29,20,25-40,male,2,20,rent,10,little,10,NA,5,2108,30,6,20,radio/TV,115,Medium risk
194,21,10,<25,male,2,20,rent,10,moderate,15,moderate,20,3031,15,45,10,radio/TV,100,High risk
195,34,20,25-40,female,3,30,own,20,little,10,moderate,20,1501,30,9,20,education,150,Low risk
196,28,20,25-40,female,2,20,own,20,little,10,NA,5,1382,30,6,20,radio/TV,125,Medium risk
197,27,20,25-40,female,2,20,rent,10,moderate,15,moderate,20,951,30,12,20,furniture/equipment,135,Medium risk
198,36,20,25-40,male,2,20,free,5,NA,5,moderate,20,2760,30,24,10,car,110,Medium risk
199,40,30,25-40,male,3,30,own,20,little,10,moderate,20,4297,15,18,10,furniture/equipment,135,Medium risk
200,52,30,41-75,male,2,20,own,20,quite rich,30,NA,5,936,30,9,20,education,155,Low risk
201,27,20,25-40,male,1,10,own,20,little,10,little,10,1168,30,12,20,car,120,Medium risk
202,26,20,25-40,male,2,20,own,20,little,10,NA,5,5117,15,27,10,business,100,High risk
203,21,10,<25,male,2,20,rent,10,little,10,little,10,902,30,12,20,education,110,Medium risk
204,38,20,25-40,male,1,10,own,20,little,10,NA,5,1495,30,12,20,car,115,Medium risk
205,38,20,25-40,male,3,30,free,5,little,10,little,10,10623,5,30,10,car,90,High risk
206,43,30,41-75,male,2,20,own,20,little,10,NA,5,1935,30,12,20,furniture/equipment,135,Medium risk
207,26,20,25-40,male,2,20,own,20,little,10,moderate,20,1424,30,12,20,domestic appliances,140,Low risk
208,21,10,<25,male,1,10,own,20,little,10,little,10,6568,15,24,10,business,85,High risk
209,55,30,41-75,male,2,20,own,20,rich,20,NA,5,1413,30,12,20,car,145,Low risk
210,33,20,25-40,male,2,20,own,20,NA,5,NA,5,3074,15,9,20,radio/TV,105,Medium risk
211,45,30,41-75,female,1,10,own,20,NA,5,NA,5,3835,15,36,10,radio/TV,95,High risk
212,50,30,41-75,male,2,20,own,20,little,10,little,10,5293,15,27,10,business,115,Medium risk
213,66,30,41-75,male,3,30,own,20,little,10,rich,30,1908,30,30,10,business,160,Low risk
214,51,30,41-75,male,2,20,own,20,NA,5,NA,5,3342,15,36,10,radio/TV,105,Medium risk
215,39,20,25-40,female,1,10,own,20,NA,5,moderate,20,932,30,6,20,education,125,Medium risk
216,31,20,25-40,male,2,20,own,20,little,10,little,10,3104,15,18,10,business,105,Medium risk
217,23,10,<25,male,2,20,own,20,little,10,rich,30,3913,15,36,10,radio/TV,115,Medium risk
218,24,10,<25,male,1,10,rent,10,little,10,little,10,3021,15,24,10,furniture/equipment,75,High risk
219,64,30,41-75,female,2,20,own,20,little,10,NA,5,1364,30,10,20,car,135,Medium risk
220,26,20,25-40,male,1,10,own,20,little,10,moderate,20,625,30,12,20,radio/TV,130,Medium risk
221,23,10,<25,female,2,20,rent,10,NA,5,little,10,1200,30,12,20,education,105,Medium risk
222,30,20,25-40,male,2,20,own,20,little,10,NA,5,707,30,12,20,radio/TV,125,Medium risk
223,32,20,25-40,male,2,20,own,20,NA,5,NA,5,2978,30,24,10,business,110,Medium risk
224,30,20,25-40,male,2,20,own,20,little,10,NA,5,4657,15,15,10,car,100,High risk
225,27,20,25-40,male,2,20,own,20,little,10,NA,5,2613,30,36,10,repairs,115,Medium risk
226,27,20,25-40,male,2,20,own,20,rich,20,moderate,20,10961,5,48,10,radio/TV,115,Medium risk
227,53,30,41-75,male,3,30,free,5,little,10,little,10,7865,15,12,20,furniture/equipment,120,Medium risk
228,22,10,<25,male,2,20,own,20,little,10,NA,5,1478,30,9,20,radio/TV,115,Medium risk
229,22,10,<25,male,2,20,free,5,little,10,little,10,3149,15,24,10,furniture/equipment,80,High risk
230,26,20,25-40,male,2,20,own,20,little,10,rich,30,4210,15,36,10,radio/TV,125,Medium risk
231,51,30,41-75,male,1,10,free,5,quite rich,30,NA,5,2507,30,9,20,car,130,Medium risk
232,35,20,25-40,male,2,20,own,20,moderate,15,NA,5,2141,30,12,20,radio/TV,130,Medium risk
233,25,20,25-40,male,1,10,own,20,little,10,moderate,20,866,30,18,10,radio/TV,120,Medium risk
234,42,30,41-75,male,1,10,own,20,little,10,NA,5,1544,30,4,20,radio/TV,125,Medium risk
235,30,20,25-40,male,3,30,own,20,little,10,little,10,1823,30,24,10,radio/TV,130,Medium risk
236,23,10,<25,male,0,5,own,20,NA,5,moderate,20,14555,5,6,20,car,85,High risk
237,61,30,41-75,male,1,10,rent,10,moderate,15,moderate,20,2767,30,21,10,business,125,Medium risk
238,35,20,25-40,female,2,20,own,20,little,10,NA,5,1291,30,12,20,radio/TV,125,Medium risk
239,39,20,25-40,male,2,20,own,20,little,10,little,10,2522,30,30,10,radio/TV,120,Medium risk
240,29,20,25-40,female,2,20,own,20,NA,5,little,10,915,30,24,10,car,115,Medium risk
241,51,30,41-75,male,2,20,own,20,little,10,NA,5,1595,30,6,20,radio/TV,135,Medium risk
242,24,10,<25,male,2,20,free,5,little,10,little,10,4605,15,48,10,car,80,High risk
243,27,20,25-40,female,2,20,own,20,little,10,NA,5,1185,30,12,20,business,125,Medium risk
244,35,20,25-40,female,1,10,own,20,quite rich,30,NA,5,3447,15,12,20,education,120,Medium risk
245,25,20,25-40,male,2,20,own,20,little,10,NA,5,1258,30,24,10,business,115,Medium risk
246,52,30,41-75,male,2,20,own,20,little,10,NA,5,717,30,12,20,radio/TV,135,Medium risk
247,35,20,25-40,male,2,20,rent,10,moderate,15,NA,5,1204,30,6,20,car,120,Medium risk
248,26,20,25-40,male,2,20,own,20,little,10,rich,30,1925,30,24,10,furniture/equipment,140,Low risk
249,22,10,<25,female,2,20,rent,10,little,10,NA,5,433,30,18,10,radio/TV,95,High risk
250,39,20,25-40,female,1,10,own,20,rich,20,little,10,666,30,6,20,car,130,Medium risk
251,46,30,41-75,female,1,10,own,20,little,10,rich,30,2251,30,12,20,furniture/equipment,150,Low risk
252,24,10,<25,female,2,20,own,20,little,10,moderate,20,2150,30,30,10,car,120,Medium risk
253,35,20,25-40,male,2,20,own,20,moderate,15,NA,5,4151,15,24,10,furniture/equipment,105,Medium risk
254,24,10,<25,male,2,20,own,20,NA,5,moderate,20,2030,30,9,20,furniture/equipment,125,Medium risk
255,27,20,25-40,male,1,10,own,20,NA,5,moderate,20,7418,15,60,5,radio/TV,95,High risk
256,35,20,25-40,male,1,10,own,20,little,10,NA,5,2684,30,24,10,radio/TV,105,Medium risk
257,29,20,25-40,male,2,20,free,5,little,10,little,10,2149,30,12,20,radio/TV,115,Medium risk
258,23,10,<25,female,2,20,own,20,moderate,15,NA,5,3812,15,15,10,car,95,High risk
259,57,30,41-75,female,1,10,own,20,moderate,15,NA,5,1154,30,11,20,radio/TV,130,Medium risk
260,27,20,25-40,male,2,20,own,20,little,10,little,10,1657,30,12,20,furniture/equipment,130,Medium risk
261,55,30,41-75,female,2,20,own,20,little,10,little,10,1603,30,24,10,radio/TV,130,Medium risk
262,36,20,25-40,male,3,30,free,5,little,10,little,10,5302,15,18,10,car,100,High risk
263,57,30,41-75,female,1,10,free,5,little,10,NA,5,2748,30,12,20,education,110,Medium risk
264,32,20,25-40,male,1,10,own,20,little,10,NA,5,1231,30,10,20,car,115,Medium risk
265,37,20,25-40,male,2,20,own,20,little,10,moderate,20,802,30,15,10,radio/TV,130,Medium risk
266,36,20,25-40,male,2,20,own,20,NA,5,NA,5,6304,15,36,10,business,95,High risk
267,38,20,25-40,female,2,20,own,20,little,10,NA,5,1533,30,24,10,radio/TV,115,Medium risk
268,45,30,41-75,male,3,30,own,20,little,10,little,10,8978,15,14,10,car,125,Medium risk
269,25,20,25-40,male,2,20,own,20,NA,5,NA,5,999,30,24,10,radio/TV,110,Medium risk
270,32,20,25-40,male,2,20,own,20,NA,5,NA,5,2662,30,18,10,car,110,Medium risk
271,37,20,25-40,female,2,20,rent,10,quite rich,30,NA,5,1402,30,12,20,furniture/equipment,135,Medium risk
272,36,20,25-40,male,3,30,free,5,NA,5,moderate,20,12169,5,48,10,car,95,High risk
273,28,20,25-40,male,2,20,own,20,little,10,moderate,20,3060,15,48,10,radio/TV,115,Medium risk
274,34,20,25-40,male,1,10,own,20,little,10,little,10,11998,5,30,10,repairs,85,High risk
275,32,20,25-40,male,2,20,own,20,little,10,NA,5,2697,30,9,20,radio/TV,125,Medium risk
276,26,20,25-40,female,2,20,own,20,little,10,NA,5,2404,30,18,10,radio/TV,115,Medium risk
277,49,30,41-75,male,1,10,own,20,NA,5,little,10,1262,30,12,20,furniture/equipment,125,Medium risk
278,32,20,25-40,female,2,20,own,20,little,10,NA,5,4611,15,6,20,furniture/equipment,110,Medium risk
279,29,20,25-40,male,3,30,rent,10,moderate,15,NA,5,1901,30,24,10,radio/TV,120,Medium risk
280,23,10,<25,male,2,20,rent,10,rich,20,NA,5,3368,15,15,10,car,90,High risk
281,50,30,41-75,male,2,20,own,20,little,10,NA,5,1574,30,12,20,furniture/equipment,135,Medium risk
282,49,30,41-75,male,1,10,own,20,NA,5,rich,30,1445,30,18,10,radio/TV,135,Medium risk
283,63,30,41-75,male,2,20,own,20,NA,5,NA,5,1520,30,15,10,furniture/equipment,120,Medium risk
284,37,20,25-40,male,2,20,own,20,moderate,15,moderate,20,3878,15,24,10,car,120,Medium risk
285,35,20,25-40,female,1,10,own,20,little,10,little,10,10722,5,47,10,car,85,High risk
286,26,20,25-40,male,2,20,own,20,little,10,little,10,4788,15,48,10,car,105,Medium risk
287,31,20,25-40,male,3,30,free,5,moderate,15,moderate,20,7582,15,48,10,vacation/others,115,Medium risk
288,49,30,41-75,female,2,20,own,20,little,10,moderate,20,1092,30,12,20,radio/TV,150,Low risk
289,48,30,41-75,male,2,20,own,20,little,10,little,10,1024,30,24,10,radio/TV,130,Medium risk
290,26,20,25-40,male,2,20,own,20,little,10,NA,5,1076,30,12,20,business,125,Medium risk
291,28,20,25-40,male,3,30,rent,10,little,10,moderate,20,9398,15,36,10,car,115,Medium risk
292,44,30,41-75,female,3,30,free,5,little,10,little,10,6419,15,24,10,car,110,Medium risk
293,56,30,41-75,male,2,20,free,5,little,10,rich,30,4796,15,42,10,car,120,Medium risk
294,46,30,41-75,male,3,30,own,20,NA,5,NA,5,7629,15,48,10,business,115,Medium risk
295,26,20,25-40,female,2,20,own,20,little,10,moderate,20,9960,15,48,10,furniture/equipment,115,Medium risk
296,20,10,<25,female,2,20,rent,10,NA,5,NA,5,4675,15,12,20,car,85,High risk
297,45,30,41-75,male,1,10,own,20,NA,5,NA,5,1287,30,10,20,car,120,Medium risk
298,43,30,41-75,male,2,20,own,20,little,10,NA,5,2515,30,18,10,furniture/equipment,125,Medium risk
299,32,20,25-40,male,2,20,own,20,rich,20,moderate,20,2745,30,21,10,furniture/equipment,140,Low risk
300,54,30,41-75,female,0,5,own,20,little,10,NA,5,672,30,6,20,car,120,Medium risk
301,42,30,41-75,female,2,20,own,20,little,10,moderate,20,3804,15,36,10,radio/TV,125,Medium risk
302,37,20,25-40,male,1,10,own,20,NA,5,rich,30,1344,30,24,10,car,125,Medium risk
303,49,30,41-75,male,2,20,own,20,little,10,little,10,1038,30,10,20,car,140,Low risk
304,44,30,41-75,male,2,20,free,5,quite rich,30,NA,5,10127,5,48,10,car,105,Medium risk
305,33,20,25-40,male,2,20,own,20,rich,20,NA,5,1543,30,6,20,furniture/equipment,135,Medium risk
306,24,10,<25,female,1,10,rent,10,NA,5,NA,5,4811,15,30,10,car,65,High risk
307,33,20,25-40,male,1,10,own,20,moderate,15,little,10,727,30,12,20,radio/TV,125,Medium risk
308,24,10,<25,female,2,20,own,20,little,10,moderate,20,1237,30,8,20,furniture/equipment,130,Medium risk
309,22,10,<25,male,1,10,rent,10,little,10,moderate,20,276,30,9,20,car,110,Medium risk
310,40,30,25-40,male,0,5,free,5,NA,5,moderate,20,5381,15,48,10,vacation/others,90,High risk
311,25,20,25-40,male,2,20,own,20,moderate,15,NA,5,5511,15,24,10,furniture/equipment,105,Medium risk
312,26,20,25-40,female,2,20,own,20,little,10,rich,30,3749,15,24,10,furniture/equipment,125,Medium risk
313,25,20,25-40,male,1,10,own,20,little,10,moderate,20,685,30,12,20,car,130,Medium risk
314,29,20,25-40,male,1,10,own,20,NA,5,rich,30,1494,30,4,20,car,135,Medium risk
315,31,20,25-40,male,2,20,own,20,little,10,little,10,2746,30,36,10,furniture/equipment,120,Medium risk
316,38,20,25-40,male,1,10,own,20,little,10,little,10,708,30,12,20,furniture/equipment,120,Medium risk
317,48,30,41-75,female,1,10,own,20,NA,5,moderate,20,4351,15,24,10,furniture/equipment,110,Medium risk
318,32,20,25-40,male,2,20,own,20,little,10,NA,5,701,30,12,20,education,125,Medium risk
319,27,20,25-40,female,1,10,own,20,little,10,little,10,3643,15,15,10,furniture/equipment,95,High risk
320,28,20,25-40,male,3,30,own,20,little,10,moderate,20,4249,15,30,10,car,125,Medium risk
321,32,20,25-40,male,2,20,own,20,little,10,little,10,1938,30,24,10,radio/TV,120,Medium risk
322,34,20,25-40,male,3,30,free,5,little,10,little,10,2910,30,24,10,car,115,Medium risk
323,28,20,25-40,male,2,20,own,20,rich,20,little,10,2659,30,18,10,furniture/equipment,130,Medium risk
324,36,20,25-40,female,2,20,own,20,little,10,NA,5,1028,30,18,10,car,115,Medium risk
325,39,20,25-40,male,1,10,own,20,little,10,little,10,3398,15,8,20,car,105,Medium risk
326,49,30,41-75,male,2,20,rent,10,NA,5,NA,5,5801,15,12,20,furniture/equipment,105,Medium risk
327,34,20,25-40,female,2,20,own,20,rich,20,NA,5,1525,30,24,10,car,125,Medium risk
328,31,20,25-40,male,2,20,own,20,little,10,rich,30,4473,15,36,10,radio/TV,125,Medium risk
329,28,20,25-40,male,2,20,own,20,little,10,moderate,20,1068,30,6,20,radio/TV,140,Low risk
330,75,30,41-75,male,3,30,free,5,little,10,little,10,6615,15,24,10,car,110,Medium risk
331,30,20,25-40,female,2,20,own,20,moderate,15,NA,5,1864,30,18,10,education,120,Medium risk
332,24,10,<25,female,3,30,own,20,moderate,15,moderate,20,7408,15,60,5,car,115,Medium risk
333,24,10,<25,female,1,10,rent,10,moderate,15,NA,5,11590,5,48,10,car,65,High risk
334,23,10,<25,male,2,20,rent,10,little,10,little,10,4110,15,24,10,furniture/equipment,85,High risk
335,44,30,41-75,male,3,30,rent,10,little,10,little,10,3384,15,6,20,furniture/equipment,125,Medium risk
336,23,10,<25,female,1,10,own,20,little,10,moderate,20,2101,30,13,10,radio/TV,110,Medium risk
337,24,10,<25,female,2,20,rent,10,NA,5,little,10,1275,30,15,10,domestic appliances,95,High risk
338,28,20,25-40,male,2,20,own,20,little,10,little,10,4169,15,24,10,furniture/equipment,105,Medium risk
339,31,20,25-40,male,1,10,own,20,little,10,moderate,20,1521,30,10,20,furniture/equipment,130,Medium risk
340,24,10,<25,female,2,20,free,5,little,10,moderate,20,5743,15,24,10,education,90,High risk
341,26,20,25-40,female,1,10,rent,10,little,10,little,10,3599,15,21,10,furniture/equipment,85,High risk
342,25,20,25-40,male,2,20,rent,10,quite rich,30,moderate,20,3213,15,18,10,radio/TV,125,Medium risk
343,33,20,25-40,male,3,30,own,20,little,10,moderate,20,4439,15,18,10,business,125,Medium risk
344,37,20,25-40,male,1,10,own,20,little,10,rich,30,3949,15,10,20,car,125,Medium risk
345,43,30,41-75,female,1,10,own,20,little,10,NA,5,1459,30,15,10,radio/TV,115,Medium risk
346,23,10,<25,male,2,20,own,20,little,10,moderate,20,882,30,13,10,radio/TV,120,Medium risk
347,23,10,<25,female,0,5,rent,10,quite rich,30,moderate,20,3758,15,24,10,radio/TV,100,High risk
348,34,20,25-40,male,1,10,own,20,moderate,15,NA,5,1743,30,6,20,business,120,Medium risk
349,32,20,25-40,male,2,20,free,5,rich,20,moderate,20,1136,30,9,20,education,135,Medium risk
350,23,10,<25,female,2,20,rent,10,little,10,NA,5,1236,30,9,20,domestic appliances,105,Medium risk
351,29,20,25-40,female,2,20,own,20,little,10,moderate,20,959,30,9,20,furniture/equipment,140,Low risk
352,38,20,25-40,male,3,30,own,20,NA,5,NA,5,3229,15,18,10,car,105,Medium risk
353,28,20,25-40,male,2,20,rent,10,little,10,little,10,6199,15,12,20,radio/TV,105,Medium risk
354,46,30,41-75,male,2,20,free,5,quite rich,30,NA,5,727,30,10,20,education,140,Low risk
355,23,10,<25,male,1,10,own,20,little,10,moderate,20,1246,30,24,10,car,110,Medium risk
356,49,30,41-75,male,2,20,own,20,NA,5,NA,5,2331,30,12,20,radio/TV,130,Medium risk
357,26,20,25-40,male,3,30,own,20,little,10,NA,5,4463,15,36,10,radio/TV,110,Medium risk
358,28,20,25-40,male,2,20,own,20,little,10,NA,5,776,30,12,20,radio/TV,125,Medium risk
359,23,10,<25,female,2,20,rent,10,little,10,little,10,2406,30,30,10,furniture/equipment,100,High risk
360,61,30,41-75,male,2,20,free,5,NA,5,moderate,20,1239,30,18,10,education,120,Medium risk
361,37,20,25-40,male,3,30,own,20,NA,5,rich,30,3399,15,12,20,radio/TV,140,Low risk
362,36,20,25-40,female,2,20,own,20,little,10,rich,30,2247,30,12,20,car,150,Low risk
363,21,10,<25,male,2,20,rent,10,little,10,NA,5,1766,30,6,20,furniture/equipment,105,Medium risk
364,25,20,25-40,male,0,5,own,20,little,10,little,10,2473,30,18,10,furniture/equipment,105,Medium risk
365,36,20,25-40,male,2,20,own,20,little,10,NA,5,1542,30,12,20,business,125,Medium risk
366,27,20,25-40,male,2,20,own,20,little,10,NA,5,3850,15,18,10,car,100,High risk
367,22,10,<25,female,2,20,rent,10,little,10,little,10,3650,15,18,10,furniture/equipment,85,High risk
368,42,30,41-75,male,2,20,own,20,little,10,little,10,3446,15,36,10,furniture/equipment,115,Medium risk
369,40,30,25-40,female,2,20,rent,10,little,10,moderate,20,3001,15,18,10,furniture/equipment,115,Medium risk
370,36,20,25-40,male,2,20,own,20,NA,5,NA,5,3079,15,36,10,car,95,High risk
371,33,20,25-40,male,2,20,own,20,little,10,NA,5,6070,15,18,10,radio/TV,100,High risk
372,23,10,<25,female,2,20,rent,10,little,10,NA,5,2146,30,10,20,furniture/equipment,105,Medium risk
373,63,30,41-75,male,3,30,free,5,NA,5,NA,5,13756,5,60,5,car,85,High risk
374,60,30,41-75,female,3,30,free,5,moderate,15,moderate,20,14782,5,60,5,vacation/others,110,Medium risk
375,37,20,25-40,female,2,20,rent,10,little,10,little,10,7685,15,48,10,business,95,High risk
376,34,20,25-40,male,2,20,own,20,little,10,NA,5,2320,30,18,10,radio/TV,115,Medium risk
377,36,20,25-40,male,2,20,free,5,NA,5,NA,5,846,30,7,20,radio/TV,105,Medium risk
378,57,30,41-75,male,3,30,free,5,little,10,moderate,20,14318,5,36,10,car,110,Medium risk
379,52,30,41-75,female,1,10,own,20,moderate,15,NA,5,362,30,6,20,car,130,Medium risk
380,39,20,25-40,male,2,20,own,20,NA,5,little,10,2212,30,20,10,furniture/equipment,115,Medium risk
381,38,20,25-40,female,3,30,free,5,little,10,moderate,20,12976,5,18,10,car,100,High risk
382,25,20,25-40,female,2,20,rent,10,NA,5,NA,5,1283,30,22,10,car,100,High risk
383,26,20,25-40,male,2,20,own,20,little,10,rich,30,1330,30,12,20,car,150,Low risk
384,26,20,25-40,male,1,10,own,20,moderate,15,NA,5,4272,15,30,10,business,95,High risk
385,25,20,25-40,female,2,20,own,20,little,10,NA,5,2238,30,18,10,radio/TV,115,Medium risk
386,21,10,<25,female,2,20,rent,10,NA,5,NA,5,1126,30,18,10,radio/TV,90,High risk
387,40,30,25-40,male,3,30,own,20,little,10,moderate,20,7374,15,18,10,furniture/equipment,135,Medium risk
388,27,20,25-40,male,2,20,own,20,quite rich,30,moderate,20,2326,30,15,10,business,150,Low risk
389,27,20,25-40,female,2,20,own,20,little,10,NA,5,1449,30,9,20,business,125,Medium risk
390,30,20,25-40,male,3,30,own,20,little,10,NA,5,1820,30,18,10,car,125,Medium risk
391,19,10,<25,female,1,10,rent,10,rich,20,moderate,20,983,30,12,20,furniture/equipment,120,Medium risk
392,39,20,25-40,male,3,30,free,5,little,10,little,10,3249,15,36,10,car,100,High risk
393,31,20,25-40,female,2,20,own,20,little,10,little,10,1957,30,6,20,radio/TV,130,Medium risk
394,31,20,25-40,male,3,30,own,20,little,10,NA,5,2406,30,9,20,furniture/equipment,135,Medium risk
395,32,20,25-40,male,2,20,rent,10,moderate,15,moderate,20,11760,5,39,10,education,100,High risk
396,55,30,41-75,female,3,30,free,5,little,10,little,10,2578,30,12,20,furniture/equipment,135,Medium risk
397,46,30,41-75,male,2,20,own,20,little,10,little,10,2348,30,36,10,furniture/equipment,130,Medium risk
398,46,30,41-75,male,2,20,rent,10,little,10,moderate,20,1223,30,12,20,car,140,Low risk
399,43,30,41-75,female,1,10,own,20,rich,20,NA,5,1516,30,24,10,radio/TV,125,Medium risk
400,39,20,25-40,male,2,20,own,20,little,10,NA,5,1473,30,18,10,radio/TV,115,Medium risk
401,28,20,25-40,male,2,20,own,20,NA,5,moderate,20,1887,30,18,10,business,125,Medium risk
402,27,20,25-40,male,2,20,own,20,little,10,NA,5,8648,15,24,10,business,100,High risk
403,27,20,25-40,male,1,10,own,20,little,10,NA,5,802,30,14,10,car,105,Medium risk
404,43,30,41-75,male,2,20,own,20,NA,5,moderate,20,2899,30,18,10,car,135,Medium risk
405,22,10,<25,male,2,20,own,20,little,10,moderate,20,2039,30,24,10,radio/TV,120,Medium risk
406,43,30,41-75,male,2,20,own,20,NA,5,NA,5,2197,30,24,10,car,120,Medium risk
407,27,20,25-40,male,2,20,own,20,little,10,little,10,1053,30,15,10,radio/TV,120,Medium risk
408,26,20,25-40,male,3,30,own,20,quite rich,30,NA,5,3235,15,24,10,radio/TV,130,Medium risk
409,28,20,25-40,male,2,20,own,20,quite rich,30,rich,30,939,30,12,20,car,170,Low risk
410,20,10,<25,female,2,20,own,20,little,10,moderate,20,1967,30,24,10,radio/TV,120,Medium risk
411,35,20,25-40,male,3,30,own,20,little,10,NA,5,7253,15,33,10,car,110,Medium risk
412,42,30,41-75,male,3,30,own,20,little,10,NA,5,2292,30,12,20,business,145,Low risk
413,40,30,25-40,male,1,10,rent,10,quite rich,30,NA,5,1597,30,10,20,car,135,Medium risk
414,35,20,25-40,female,2,20,own,20,NA,5,little,10,1381,30,24,10,car,115,Medium risk
415,35,20,25-40,male,2,20,own,20,little,10,NA,5,5842,15,36,10,car,100,High risk
416,33,20,25-40,male,1,10,own,20,little,10,little,10,2579,30,12,20,car,120,Medium risk
417,23,10,<25,female,2,20,rent,10,NA,5,little,10,8471,15,18,10,education,80,High risk
418,31,20,25-40,female,3,30,own,20,quite rich,30,NA,5,2782,30,21,10,car,145,Low risk
419,33,20,25-40,female,2,20,own,20,NA,5,moderate,20,1042,30,18,10,car,125,Medium risk
420,20,10,<25,female,2,20,rent,10,rich,20,NA,5,3186,15,15,10,car,90,High risk
421,30,20,25-40,male,2,20,own,20,NA,5,moderate,20,2028,30,12,20,car,135,Medium risk
422,47,30,41-75,male,1,10,own,20,little,10,moderate,20,958,30,12,20,car,140,Low risk
423,34,20,25-40,male,3,30,own,20,moderate,15,NA,5,1591,30,21,10,furniture/equipment,130,Medium risk
424,25,20,25-40,female,2,20,own,20,NA,5,moderate,20,2762,30,12,20,furniture/equipment,135,Medium risk
425,21,10,<25,male,2,20,rent,10,little,10,moderate,20,2779,30,18,10,car,110,Medium risk
426,29,20,25-40,male,2,20,own,20,little,10,NA,5,2743,30,28,10,radio/TV,115,Medium risk
427,46,30,41-75,male,2,20,own,20,rich,20,NA,5,1149,30,18,10,radio/TV,135,Medium risk
428,20,10,<25,male,2,20,own,20,little,10,NA,5,1313,30,9,20,furniture/equipment,115,Medium risk
429,55,30,41-75,female,0,5,free,5,little,10,little,10,1190,30,18,10,repairs,100,High risk
430,74,30,41-75,male,1,10,own,20,little,10,NA,5,3448,15,5,20,business,110,Medium risk
431,29,20,25-40,male,3,30,own,20,little,10,moderate,20,11328,5,24,10,vacation/others,115,Medium risk
432,36,20,25-40,male,3,30,free,5,little,10,little,10,1872,30,6,20,furniture/equipment,125,Medium risk
433,33,20,25-40,male,2,20,own,20,little,10,NA,5,2058,30,24,10,repairs,115,Medium risk
434,25,20,25-40,male,2,20,own,20,little,10,little,10,2136,30,9,20,furniture/equipment,130,Medium risk
435,25,20,25-40,male,2,20,own,20,NA,5,moderate,20,1484,30,12,20,radio/TV,135,Medium risk
436,23,10,<25,male,1,10,rent,10,quite rich,30,NA,5,660,30,6,20,repairs,115,Medium risk
437,37,20,25-40,female,2,20,own,20,rich,20,NA,5,1287,30,24,10,car,125,Medium risk
438,65,30,41-75,male,0,5,own,20,little,10,little,10,3394,15,42,10,repairs,100,High risk
439,26,20,25-40,female,0,5,own,20,little,10,rich,30,609,30,12,20,business,135,Medium risk
440,39,20,25-40,male,3,30,own,20,little,10,NA,5,1884,30,12,20,car,135,Medium risk
441,30,20,25-40,female,2,20,own,20,little,10,little,10,1620,30,12,20,furniture/equipment,130,Medium risk
442,29,20,25-40,male,2,20,own,20,little,10,moderate,20,2629,30,20,10,vacation/others,130,Medium risk
443,41,30,41-75,male,1,10,own,20,little,10,NA,5,719,30,12,20,education,125,Medium risk
444,30,20,25-40,female,3,30,own,20,little,10,moderate,20,5096,15,48,10,furniture/equipment,125,Medium risk
445,41,30,41-75,female,1,10,rent,10,NA,5,NA,5,1244,30,9,20,education,110,Medium risk
446,34,20,25-40,female,2,20,own,20,little,10,little,10,1842,30,36,10,car,120,Medium risk
447,35,20,25-40,male,2,20,own,20,little,10,moderate,20,2576,30,7,20,radio/TV,140,Low risk
448,55,30,41-75,female,3,30,own,20,NA,5,rich,30,1424,30,12,20,furniture/equipment,165,Low risk
449,61,30,41-75,male,2,20,own,20,rich,20,moderate,20,1512,30,15,10,repairs,150,Low risk
450,30,20,25-40,male,3,30,own,20,NA,5,NA,5,11054,5,36,10,car,95,High risk
451,29,20,25-40,female,2,20,own,20,little,10,NA,5,518,30,6,20,radio/TV,125,Medium risk
452,34,20,25-40,male,2,20,own,20,little,10,NA,5,2759,30,12,20,furniture/equipment,125,Medium risk
453,35,20,25-40,male,3,30,own,20,little,10,NA,5,2670,30,24,10,car,125,Medium risk
454,31,20,25-40,male,2,20,own,20,little,10,little,10,4817,15,24,10,car,105,Medium risk
455,29,20,25-40,female,3,30,own,20,little,10,NA,5,2679,30,24,10,car,125,Medium risk
456,36,20,25-40,male,2,20,rent,10,little,10,little,10,3905,15,11,20,car,105,Medium risk
457,35,20,25-40,male,2,20,free,5,little,10,little,10,3386,15,12,20,car,100,High risk
458,27,20,25-40,female,2,20,own,20,little,10,little,10,343,30,6,20,domestic appliances,130,Medium risk
459,32,20,25-40,male,2,20,own,20,little,10,NA,5,4594,15,18,10,radio/TV,100,High risk
460,37,20,25-40,male,2,20,own,20,little,10,little,10,3620,15,36,10,furniture/equipment,105,Medium risk
461,36,20,25-40,male,2,20,own,20,little,10,little,10,1721,30,15,10,car,120,Medium risk
462,34,20,25-40,female,3,30,rent,10,little,10,moderate,20,3017,15,12,20,furniture/equipment,125,Medium risk
463,38,20,25-40,male,2,20,own,20,NA,5,moderate,20,754,30,12,20,education,135,Medium risk
464,34,20,25-40,male,2,20,own,20,little,10,NA,5,1950,30,18,10,business,115,Medium risk
465,63,30,41-75,male,2,20,own,20,little,10,little,10,2924,30,24,10,car,130,Medium risk
466,29,20,25-40,female,1,10,rent,10,little,10,little,10,1659,30,24,10,radio/TV,100,High risk
467,32,20,25-40,male,2,20,own,20,NA,5,NA,5,7238,15,48,10,radio/TV,95,High risk
468,26,20,25-40,female,2,20,own,20,little,10,NA,5,2764,30,33,10,business,115,Medium risk
469,35,20,25-40,male,1,10,own,20,little,10,NA,5,4679,15,24,10,car,90,High risk
470,22,10,<25,male,2,20,rent,10,moderate,15,moderate,20,3092,15,24,10,radio/TV,100,High risk
471,23,10,<25,female,2,20,own,20,little,10,little,10,448,30,6,20,education,120,Medium risk
472,28,20,25-40,male,1,10,own,20,little,10,little,10,654,30,9,20,car,120,Medium risk
473,36,20,25-40,male,3,30,own,20,NA,5,NA,5,1238,30,6,20,education,130,Medium risk
474,33,20,25-40,male,2,20,own,20,little,10,moderate,20,1245,30,18,10,radio/TV,130,Medium risk
475,26,20,25-40,female,2,20,rent,10,little,10,little,10,3114,15,18,10,furniture/equipment,95,High risk
476,24,10,<25,male,2,20,own,20,quite rich,30,NA,5,2569,30,39,10,car,125,Medium risk
477,25,20,25-40,male,2,20,own,20,little,10,rich,30,5152,15,24,10,radio/TV,125,Medium risk
478,39,20,25-40,male,1,10,own,20,moderate,15,moderate,20,1037,30,12,20,business,135,Medium risk
479,44,30,41-75,male,2,20,own,20,little,10,little,10,1478,30,15,10,furniture/equipment,130,Medium risk
480,23,10,<25,female,1,10,own,20,little,10,moderate,20,3573,15,12,20,radio/TV,105,Medium risk
481,26,20,25-40,male,2,20,own,20,little,10,moderate,20,1201,30,24,10,car,130,Medium risk
482,57,30,41-75,female,2,20,rent,10,rich,20,little,10,3622,15,30,10,furniture/equipment,115,Medium risk
483,30,20,25-40,female,2,20,own,20,rich,20,NA,5,960,30,15,10,furniture/equipment,125,Medium risk
484,44,30,41-75,male,2,20,own,20,quite rich,30,NA,5,1163,30,12,20,car,155,Low risk
485,47,30,41-75,male,3,30,own,20,little,10,moderate,20,1209,30,6,20,car,160,Low risk
486,52,30,41-75,male,2,20,own,20,little,10,NA,5,3077,15,12,20,radio/TV,120,Medium risk
487,62,30,41-75,female,2,20,free,5,little,10,NA,5,3757,15,24,10,car,95,High risk
488,35,20,25-40,male,1,10,rent,10,moderate,15,NA,5,1418,30,10,20,car,110,Medium risk
489,26,20,25-40,male,2,20,rent,10,little,10,NA,5,3518,15,6,20,car,100,High risk
490,26,20,25-40,male,2,20,own,20,little,10,NA,5,1934,30,12,20,radio/TV,125,Medium risk
491,42,30,41-75,female,3,30,free,5,little,10,moderate,20,8318,15,27,10,business,120,Medium risk
492,27,20,25-40,female,2,20,own,20,moderate,15,NA,5,1237,30,6,20,radio/TV,130,Medium risk
493,38,20,25-40,male,2,20,own,20,NA,5,moderate,20,368,30,6,20,radio/TV,135,Medium risk
494,39,20,25-40,male,1,10,rent,10,little,10,little,10,2122,30,12,20,car,110,Medium risk
495,20,10,<25,male,2,20,own,20,NA,5,little,10,2996,30,24,10,furniture/equipment,105,Medium risk
496,29,20,25-40,male,3,30,rent,10,moderate,15,moderate,20,9034,15,36,10,furniture/equipment,120,Medium risk
497,40,30,25-40,male,2,20,own,20,little,10,NA,5,1585,30,24,10,furniture/equipment,125,Medium risk
498,32,20,25-40,male,1,10,own,20,little,10,moderate,20,1301,30,18,10,radio/TV,120,Medium risk
499,28,20,25-40,male,2,20,own,20,moderate,15,rich,30,1323,30,6,20,car,155,Low risk
500,27,20,25-40,female,2,20,own,20,little,10,little,10,3123,15,24,10,car,105,Medium risk
501,42,30,41-75,male,2,20,free,5,little,10,little,10,5493,15,36,10,car,100,High risk
502,49,30,41-75,male,2,20,own,20,moderate,15,rich,30,1126,30,9,20,radio/TV,165,Low risk
503,38,20,25-40,male,2,20,own,20,moderate,15,moderate,20,1216,30,24,10,radio/TV,135,Medium risk
504,24,10,<25,female,2,20,rent,10,little,10,little,10,1207,30,24,10,car,100,High risk
505,27,20,25-40,male,1,10,own,20,NA,5,NA,5,1309,30,10,20,car,110,Medium risk
506,36,20,25-40,male,2,20,own,20,quite rich,30,rich,30,2360,30,15,10,car,160,Low risk
507,34,20,25-40,male,3,30,own,20,moderate,15,moderate,20,6850,15,15,10,car,130,Medium risk
508,28,20,25-40,male,2,20,own,20,little,10,NA,5,1413,30,24,10,radio/TV,115,Medium risk
509,45,30,41-75,male,3,30,own,20,moderate,15,NA,5,8588,15,39,10,car,125,Medium risk
510,26,20,25-40,male,2,20,own,20,little,10,little,10,759,30,12,20,car,130,Medium risk
511,32,20,25-40,male,3,30,free,5,little,10,NA,5,4686,15,36,10,car,95,High risk
512,26,20,25-40,male,2,20,rent,10,little,10,rich,30,2687,30,15,10,business,130,Medium risk
513,20,10,<25,male,2,20,rent,10,little,10,moderate,20,585,30,12,20,radio/TV,120,Medium risk
514,54,30,41-75,male,2,20,own,20,NA,5,NA,5,2255,30,24,10,car,120,Medium risk
515,37,20,25-40,female,2,20,own,20,little,10,little,10,609,30,6,20,car,130,Medium risk
516,40,30,25-40,male,1,10,own,20,little,10,little,10,1361,30,6,20,car,130,Medium risk
517,23,10,<25,female,2,20,rent,10,little,10,NA,5,7127,15,36,10,furniture/equipment,80,High risk
518,43,30,41-75,male,2,20,own,20,moderate,15,little,10,1203,30,6,20,car,145,Low risk
519,36,20,25-40,male,2,20,free,5,NA,5,NA,5,700,30,6,20,radio/TV,105,Medium risk
520,44,30,41-75,male,2,20,free,5,little,10,NA,5,5507,15,24,10,repairs,95,High risk
521,24,10,<25,female,2,20,own,20,little,10,little,10,3190,15,18,10,radio/TV,95,High risk
522,53,30,41-75,male,2,20,free,5,little,10,little,10,7119,15,48,10,furniture/equipment,100,High risk
523,23,10,<25,female,2,20,own,20,moderate,15,NA,5,3488,15,24,10,car,95,High risk
524,26,20,25-40,female,1,10,own,20,little,10,moderate,20,1113,30,18,10,radio/TV,120,Medium risk
525,30,20,25-40,male,2,20,own,20,little,10,moderate,20,7966,15,26,10,car,115,Medium risk
526,31,20,25-40,female,2,20,own,20,moderate,15,NA,5,1532,30,15,10,education,120,Medium risk
527,42,30,41-75,male,1,10,own,20,little,10,NA,5,1503,30,4,20,radio/TV,125,Medium risk
528,31,20,25-40,male,2,20,rent,10,little,10,little,10,2302,30,36,10,radio/TV,110,Medium risk
529,41,30,41-75,male,1,10,own,20,little,10,little,10,662,30,6,20,car,130,Medium risk
530,32,20,25-40,male,2,20,own,20,little,10,moderate,20,2273,30,36,10,education,130,Medium risk
531,28,20,25-40,female,2,20,rent,10,moderate,15,moderate,20,2631,30,15,10,car,125,Medium risk
532,41,30,41-75,male,2,20,rent,10,little,10,NA,5,1503,30,12,20,car,125,Medium risk
533,26,20,25-40,male,2,20,own,20,moderate,15,NA,5,1311,30,24,10,radio/TV,120,Medium risk
534,25,20,25-40,male,2,20,own,20,NA,5,NA,5,3105,15,24,10,radio/TV,95,High risk
535,33,20,25-40,male,2,20,rent,10,little,10,rich,30,2319,30,21,10,education,130,Medium risk
536,75,30,41-75,female,3,30,own,20,NA,5,little,10,1374,30,6,20,car,145,Low risk
537,37,20,25-40,female,2,20,own,20,little,10,moderate,20,3612,15,18,10,furniture/equipment,115,Medium risk
538,42,30,41-75,male,3,30,free,5,little,10,little,10,7763,15,48,10,car,110,Medium risk
539,45,30,41-75,female,1,10,own,20,little,10,rich,30,3049,15,18,10,furniture/equipment,125,Medium risk
540,23,10,<25,male,2,20,rent,10,little,10,moderate,20,1534,30,12,20,radio/TV,120,Medium risk
541,60,30,41-75,male,2,20,free,5,little,10,NA,5,2032,30,24,10,car,110,Medium risk
542,31,20,25-40,male,2,20,own,20,NA,5,little,10,6350,15,30,10,furniture/equipment,100,High risk
543,34,20,25-40,male,1,10,own,20,little,10,rich,30,2864,30,18,10,furniture/equipment,130,Medium risk
544,61,30,41-75,male,1,10,own,20,little,10,NA,5,1255,30,12,20,car,125,Medium risk
545,43,30,41-75,male,2,20,free,5,little,10,little,10,1333,30,24,10,car,115,Medium risk
546,37,20,25-40,female,2,20,own,20,little,10,NA,5,2022,30,24,10,car,115,Medium risk
547,32,20,25-40,male,2,20,own,20,little,10,NA,5,1552,30,24,10,radio/TV,115,Medium risk
548,24,10,<25,female,1,10,own,20,little,10,little,10,626,30,12,20,radio/TV,110,Medium risk
549,35,20,25-40,male,2,20,free,5,NA,5,NA,5,8858,15,48,10,car,80,High risk
550,23,10,<25,female,2,20,own,20,NA,5,NA,5,996,30,12,20,repairs,110,Medium risk
551,45,30,41-75,male,1,10,own,20,quite rich,30,NA,5,1750,30,6,20,radio/TV,145,Low risk
552,34,20,25-40,male,2,20,own,20,little,10,little,10,6999,15,48,10,radio/TV,105,Medium risk
553,27,20,25-40,male,2,20,own,20,moderate,15,moderate,20,1995,30,12,20,car,145,Low risk
554,67,30,41-75,female,3,30,own,20,little,10,moderate,20,1199,30,9,20,education,160,Low risk
555,22,10,<25,male,2,20,own,20,little,10,moderate,20,1331,30,12,20,radio/TV,130,Medium risk
556,28,20,25-40,female,2,20,own,20,moderate,15,moderate,20,2278,30,18,10,car,135,Medium risk
557,29,20,25-40,female,2,20,own,20,NA,5,NA,5,5003,15,21,10,car,95,High risk
558,27,20,25-40,male,2,20,own,20,little,10,little,10,3552,15,24,10,furniture/equipment,105,Medium risk
559,31,20,25-40,male,1,10,own,20,little,10,moderate,20,1928,30,18,10,furniture/equipment,120,Medium risk
560,49,30,41-75,male,2,20,free,5,NA,5,little,10,2964,30,24,10,car,110,Medium risk
561,24,10,<25,male,1,10,rent,10,little,10,little,10,1546,30,24,10,radio/TV,90,High risk
562,29,20,25-40,female,2,20,own,20,little,10,rich,30,683,30,6,20,radio/TV,150,Low risk
563,37,20,25-40,male,2,20,free,5,NA,5,moderate,20,12389,5,36,10,car,85,High risk
564,37,20,25-40,male,3,30,own,20,NA,5,moderate,20,4712,15,24,10,business,120,Medium risk
565,23,10,<25,female,2,20,rent,10,moderate,15,moderate,20,1553,30,24,10,radio/TV,115,Medium risk
566,36,20,25-40,male,2,20,own,20,little,10,little,10,1372,30,12,20,car,130,Medium risk
567,34,20,25-40,male,2,20,own,20,rich,20,NA,5,2578,30,24,10,radio/TV,125,Medium risk
568,41,30,41-75,male,2,20,own,20,NA,5,moderate,20,3979,15,48,10,radio/TV,120,Medium risk
569,31,20,25-40,female,2,20,own,20,little,10,little,10,6758,15,48,10,radio/TV,105,Medium risk
570,23,10,<25,female,1,10,rent,10,little,10,little,10,3234,15,24,10,furniture/equipment,75,High risk
571,38,20,25-40,male,2,20,own,20,little,10,NA,5,5954,15,30,10,radio/TV,100,High risk
572,26,20,25-40,female,3,30,rent,10,NA,5,NA,5,5433,15,24,10,car,95,High risk
573,22,10,<25,female,1,10,own,20,little,10,little,10,806,30,15,10,business,100,High risk
574,27,20,25-40,male,1,10,own,20,little,10,moderate,20,1082,30,9,20,radio/TV,130,Medium risk
575,24,10,<25,female,2,20,own,20,little,10,NA,5,2788,30,15,10,furniture/equipment,105,Medium risk
576,27,20,25-40,female,2,20,own,20,little,10,moderate,20,2930,30,12,20,radio/TV,140,Low risk
577,33,20,25-40,female,2,20,own,20,NA,5,NA,5,1927,30,24,10,education,110,Medium risk
578,27,20,25-40,male,2,20,own,20,little,10,moderate,20,2820,30,36,10,car,130,Medium risk
579,27,20,25-40,male,1,10,own,20,little,10,NA,5,937,30,24,10,education,105,Medium risk
580,30,20,25-40,male,2,20,own,20,little,10,moderate,20,1056,30,18,10,car,130,Medium risk
581,49,30,41-75,male,1,10,own,20,little,10,moderate,20,3124,15,12,20,car,125,Medium risk
582,26,20,25-40,female,2,20,rent,10,little,10,NA,5,1388,30,9,20,furniture/equipment,115,Medium risk
583,33,20,25-40,male,1,10,rent,10,little,10,moderate,20,2384,30,36,10,repairs,110,Medium risk
584,52,30,41-75,female,3,30,free,5,NA,5,NA,5,2133,30,12,20,car,125,Medium risk
585,20,10,<25,female,2,20,rent,10,little,10,little,10,2039,30,18,10,furniture/equipment,100,High risk
586,36,20,25-40,male,2,20,rent,10,little,10,little,10,2799,30,9,20,car,120,Medium risk
587,21,10,<25,male,1,10,own,20,little,10,little,10,1289,30,12,20,furniture/equipment,110,Medium risk
588,47,30,41-75,male,1,10,own,20,little,10,little,10,1217,30,18,10,domestic appliances,120,Medium risk
589,60,30,41-75,male,2,20,own,20,little,10,little,10,2246,30,12,20,furniture/equipment,140,Low risk
590,58,30,41-75,female,1,10,own,20,little,10,little,10,385,30,12,20,radio/TV,130,Medium risk
591,42,30,41-75,female,2,20,rent,10,NA,5,moderate,20,1965,30,24,10,car,125,Medium risk
592,36,20,25-40,female,1,10,own,20,rich,20,NA,5,1572,30,21,10,business,115,Medium risk
593,20,10,<25,female,1,10,rent,10,little,10,moderate,20,2718,30,24,10,car,100,High risk
594,40,30,25-40,male,3,30,own,20,NA,5,little,10,1358,30,24,10,vacation/others,135,Medium risk
595,32,20,25-40,female,1,10,own,20,moderate,15,moderate,20,931,30,6,20,car,135,Medium risk
596,23,10,<25,female,2,20,rent,10,little,10,little,10,1442,30,24,10,car,100,High risk
597,36,20,25-40,male,1,10,own,20,little,10,moderate,20,4241,15,24,10,business,105,Medium risk
598,31,20,25-40,male,2,20,own,20,little,10,NA,5,2775,30,18,10,car,115,Medium risk
599,32,20,25-40,male,2,20,free,5,little,10,NA,5,3863,15,24,10,business,85,High risk
600,45,30,41-75,female,2,20,own,20,little,10,moderate,20,2329,30,7,20,radio/TV,150,Low risk
601,30,20,25-40,female,2,20,own,20,little,10,moderate,20,918,30,9,20,furniture/equipment,140,Low risk
602,34,20,25-40,female,1,10,free,5,little,10,moderate,20,1837,30,24,10,education,105,Medium risk
603,28,20,25-40,female,3,30,own,20,little,10,NA,5,3349,15,36,10,furniture/equipment,110,Medium risk
604,23,10,<25,female,2,20,own,20,little,10,rich,30,1275,30,10,20,furniture/equipment,140,Low risk
605,22,10,<25,male,2,20,own,20,quite rich,30,little,10,2828,30,24,10,furniture/equipment,130,Medium risk
606,74,30,41-75,male,3,30,own,20,little,10,NA,5,4526,15,24,10,business,120,Medium risk
607,50,30,41-75,female,2,20,free,5,moderate,15,moderate,20,2671,30,36,10,radio/TV,130,Medium risk
608,33,20,25-40,male,2,20,own,20,little,10,NA,5,2051,30,18,10,radio/TV,115,Medium risk
609,45,30,41-75,male,2,20,free,5,NA,5,NA,5,1300,30,15,10,car,105,Medium risk
610,22,10,<25,female,2,20,own,20,moderate,15,little,10,741,30,12,20,domestic appliances,125,Medium risk
611,48,30,41-75,female,1,10,free,5,moderate,15,rich,30,1240,30,10,20,car,140,Low risk
612,29,20,25-40,female,2,20,own,20,rich,20,little,10,3357,15,21,10,radio/TV,115,Medium risk
613,22,10,<25,female,2,20,rent,10,little,10,little,10,3632,15,24,10,car,85,High risk
614,22,10,<25,female,2,20,own,20,little,10,NA,5,1808,30,18,10,furniture/equipment,105,Medium risk
615,48,30,41-75,male,3,30,own,20,NA,5,moderate,20,12204,5,48,10,business,120,Medium risk
616,27,20,25-40,male,3,30,free,5,NA,5,moderate,20,9157,15,60,5,radio/TV,100,High risk
617,37,20,25-40,male,2,20,rent,10,little,10,little,10,3676,15,6,20,car,105,Medium risk
618,21,10,<25,female,2,20,rent,10,moderate,15,moderate,20,3441,15,30,10,furniture/equipment,100,High risk
619,49,30,41-75,male,1,10,own,20,little,10,NA,5,640,30,12,20,car,125,Medium risk
620,27,20,25-40,male,2,20,own,20,little,10,moderate,20,3652,15,21,10,business,115,Medium risk
621,32,20,25-40,male,2,20,own,20,little,10,NA,5,1530,30,18,10,car,115,Medium risk
622,38,20,25-40,male,2,20,own,20,NA,5,NA,5,3914,15,48,10,business,95,High risk
623,22,10,<25,female,2,20,rent,10,little,10,little,10,1858,30,12,20,furniture/equipment,110,Medium risk
624,65,30,41-75,male,2,20,free,5,little,10,little,10,2600,30,18,10,radio/TV,115,Medium risk
625,35,20,25-40,male,2,20,own,20,NA,5,NA,5,1979,30,15,10,radio/TV,110,Medium risk
626,41,30,41-75,male,2,20,own,20,little,10,rich,30,2116,30,6,20,furniture/equipment,160,Low risk
627,29,20,25-40,male,2,20,own,20,moderate,15,moderate,20,1437,30,9,20,car,145,Low risk
628,36,20,25-40,male,2,20,own,20,quite rich,30,NA,5,4042,15,42,10,furniture/equipment,120,Medium risk
629,64,30,41-75,male,1,10,own,20,NA,5,NA,5,3832,15,9,20,education,105,Medium risk
630,28,20,25-40,female,2,20,own,20,little,10,little,10,3660,15,24,10,radio/TV,105,Medium risk
631,44,30,41-75,male,2,20,own,20,little,10,little,10,1553,30,18,10,furniture/equipment,130,Medium risk
632,23,10,<25,male,2,20,own,20,NA,5,moderate,20,1444,30,15,10,radio/TV,115,Medium risk
633,19,10,<25,female,2,20,rent,10,little,10,NA,5,1980,30,9,20,furniture/equipment,105,Medium risk
634,25,20,25-40,female,1,10,own,20,little,10,moderate,20,1355,30,24,10,car,120,Medium risk
635,47,30,41-75,male,2,20,own,20,little,10,NA,5,1393,30,12,20,education,135,Medium risk
636,28,20,25-40,female,2,20,own,20,quite rich,30,NA,5,1376,30,24,10,radio/TV,135,Medium risk
637,21,10,<25,male,2,20,own,20,little,10,NA,5,15653,5,60,5,radio/TV,75,High risk
638,34,20,25-40,female,2,20,own,20,little,10,NA,5,1493,30,12,20,radio/TV,125,Medium risk
639,26,20,25-40,male,2,20,own,20,little,10,little,10,4370,15,42,10,radio/TV,105,Medium risk
640,27,20,25-40,female,0,5,own,20,little,10,little,10,750,30,18,10,education,105,Medium risk
641,38,20,25-40,male,1,10,own,20,little,10,moderate,20,1308,30,15,10,repairs,120,Medium risk
642,40,30,25-40,male,3,30,own,20,moderate,15,NA,5,4623,15,15,10,education,125,Medium risk
643,33,20,25-40,male,2,20,own,20,little,10,NA,5,1851,30,24,10,radio/TV,115,Medium risk
644,32,20,25-40,male,3,30,own,20,little,10,little,10,1880,30,18,10,radio/TV,130,Medium risk
645,27,20,25-40,male,2,20,rent,10,NA,5,NA,5,7980,15,36,10,business,85,High risk
646,32,20,25-40,male,2,20,own,20,little,10,little,10,4583,15,30,10,furniture/equipment,105,Medium risk
647,26,20,25-40,female,2,20,own,20,quite rich,30,NA,5,1386,30,12,20,car,145,Low risk
648,38,20,25-40,male,2,20,free,5,little,10,rich,30,947,30,24,10,car,125,Medium risk
649,40,30,25-40,male,1,10,rent,10,little,10,little,10,684,30,12,20,education,120,Medium risk
650,50,30,41-75,male,3,30,free,5,little,10,little,10,7476,15,48,10,education,110,Medium risk
651,37,20,25-40,male,1,10,own,20,little,10,moderate,20,1922,30,12,20,furniture/equipment,130,Medium risk
652,45,30,41-75,male,2,20,own,20,little,10,little,10,2303,30,24,10,car,130,Medium risk
653,42,30,41-75,male,3,30,own,20,moderate,15,moderate,20,8086,15,36,10,car,140,Low risk
654,35,20,25-40,male,2,20,own,20,little,10,NA,5,2346,30,24,10,car,115,Medium risk
655,22,10,<25,male,2,20,free,5,little,10,little,10,3973,15,14,10,car,80,High risk
656,41,30,41-75,male,1,10,own,20,little,10,moderate,20,888,30,12,20,car,140,Low risk
657,37,20,25-40,male,2,20,own,20,NA,5,NA,5,10222,5,48,10,radio/TV,85,High risk
658,28,20,25-40,female,2,20,own,20,little,10,moderate,20,4221,15,30,10,business,115,Medium risk
659,41,30,41-75,male,2,20,own,20,little,10,moderate,20,6361,15,18,10,furniture/equipment,125,Medium risk
660,23,10,<25,male,2,20,rent,10,little,10,rich,30,1297,30,12,20,radio/TV,130,Medium risk
661,23,10,<25,male,2,20,own,20,NA,5,little,10,900,30,12,20,car,115,Medium risk
662,50,30,41-75,male,2,20,own,20,little,10,NA,5,2241,30,21,10,furniture/equipment,125,Medium risk
663,35,20,25-40,male,3,30,own,20,little,10,moderate,20,1050,30,6,20,furniture/equipment,150,Low risk
664,50,30,41-75,female,1,10,own,20,little,10,rich,30,1047,30,6,20,education,150,Low risk
665,27,20,25-40,male,3,30,own,20,little,10,NA,5,6314,15,24,10,vacation/others,110,Medium risk
666,34,20,25-40,male,2,20,own,20,rich,20,moderate,20,3496,15,30,10,furniture/equipment,125,Medium risk
667,27,20,25-40,female,2,20,own,20,little,10,NA,5,3609,15,48,10,business,100,High risk
668,43,30,41-75,male,2,20,rent,10,little,10,little,10,4843,15,12,20,car,115,Medium risk
669,47,30,41-75,male,2,20,own,20,little,10,rich,30,3017,15,30,10,radio/TV,135,Medium risk
670,27,20,25-40,male,1,10,own,20,moderate,15,NA,5,4139,15,24,10,business,95,High risk
671,31,20,25-40,male,2,20,own,20,moderate,15,NA,5,5742,15,36,10,business,105,Medium risk
672,42,30,41-75,male,3,30,own,20,little,10,NA,5,10366,5,60,5,car,105,Medium risk
673,24,10,<25,male,2,20,own,20,quite rich,30,NA,5,2080,30,6,20,car,135,Medium risk
674,41,30,41-75,male,1,10,own,20,quite rich,30,NA,5,2580,30,21,10,business,135,Medium risk
675,26,20,25-40,female,3,30,rent,10,little,10,NA,5,4530,15,30,10,radio/TV,100,High risk
676,33,20,25-40,male,2,20,own,20,little,10,NA,5,5150,15,24,10,furniture/equipment,100,High risk
677,24,10,<25,male,2,20,own,20,moderate,15,moderate,20,5595,15,72,5,radio/TV,105,Medium risk
678,64,30,41-75,male,1,10,rent,10,little,10,little,10,2384,30,24,10,radio/TV,110,Medium risk
679,26,20,25-40,female,2,20,own,20,little,10,NA,5,1453,30,18,10,radio/TV,115,Medium risk
680,56,30,41-75,female,2,20,own,20,little,10,NA,5,1538,30,6,20,education,135,Medium risk
681,37,20,25-40,male,2,20,free,5,NA,5,NA,5,2279,30,12,20,radio/TV,105,Medium risk
682,33,20,25-40,male,2,20,own,20,little,10,NA,5,1478,30,15,10,radio/TV,115,Medium risk
683,47,30,41-75,male,2,20,free,5,little,10,NA,5,5103,15,24,10,radio/TV,95,High risk
684,31,20,25-40,male,1,10,own,20,moderate,15,moderate,20,9857,15,36,10,business,110,Medium risk
685,34,20,25-40,male,2,20,free,5,NA,5,NA,5,6527,15,60,5,car,75,High risk
686,27,20,25-40,male,2,20,own,20,NA,5,rich,30,1347,30,10,20,radio/TV,145,Low risk
687,30,20,25-40,male,2,20,free,5,moderate,15,moderate,20,2862,30,36,10,car,120,Medium risk
688,35,20,25-40,male,2,20,own,20,moderate,15,NA,5,2753,30,9,20,radio/TV,130,Medium risk
689,31,20,25-40,male,2,20,own,20,rich,20,little,10,3651,15,12,20,car,125,Medium risk
690,25,20,25-40,male,2,20,own,20,little,10,little,10,975,30,15,10,furniture/equipment,120,Medium risk
691,25,20,25-40,female,1,10,own,20,moderate,15,moderate,20,2631,30,15,10,repairs,125,Medium risk
692,29,20,25-40,male,2,20,own,20,moderate,15,moderate,20,2896,30,24,10,radio/TV,135,Medium risk
693,44,30,41-75,male,1,10,own,20,NA,5,little,10,4716,15,6,20,car,110,Medium risk
694,28,20,25-40,male,2,20,own,20,little,10,NA,5,2284,30,24,10,radio/TV,115,Medium risk
695,50,30,41-75,male,2,20,rent,10,quite rich,30,NA,5,1236,30,6,20,car,145,Low risk
696,29,20,25-40,male,2,20,own,20,little,10,moderate,20,1103,30,12,20,radio/TV,140,Low risk
697,38,20,25-40,female,0,5,own,20,little,10,NA,5,926,30,12,20,car,110,Medium risk
698,24,10,<25,male,2,20,own,20,little,10,NA,5,1800,30,18,10,radio/TV,105,Medium risk
699,40,30,25-40,male,3,30,rent,10,little,10,rich,30,1905,30,15,10,education,150,Low risk
700,29,20,25-40,female,1,10,rent,10,quite rich,30,NA,5,1123,30,12,20,furniture/equipment,125,Medium risk
701,46,30,41-75,male,2,20,free,5,little,10,little,10,6331,15,48,10,car,100,High risk
702,47,30,41-75,female,2,20,free,5,moderate,15,rich,30,1377,30,24,10,radio/TV,140,Low risk
703,41,30,41-75,male,2,20,own,20,moderate,15,moderate,20,2503,30,30,10,business,145,Low risk
704,32,20,25-40,female,2,20,own,20,little,10,moderate,20,2528,30,27,10,business,130,Medium risk
705,35,20,25-40,female,2,20,free,5,quite rich,30,NA,5,5324,15,15,10,car,105,Medium risk
706,24,10,<25,male,2,20,own,20,moderate,15,moderate,20,6560,15,48,10,car,110,Medium risk
707,25,20,25-40,female,2,20,rent,10,little,10,moderate,20,2969,30,12,20,furniture/equipment,130,Medium risk
708,25,20,25-40,female,2,20,own,20,little,10,moderate,20,1206,30,9,20,radio/TV,140,Low risk
709,37,20,25-40,male,1,10,own,20,little,10,moderate,20,2118,30,9,20,radio/TV,130,Medium risk
710,32,20,25-40,male,3,30,own,20,quite rich,30,NA,5,629,30,18,10,radio/TV,145,Low risk
711,35,20,25-40,female,2,20,free,5,little,10,little,10,1198,30,6,20,education,115,Medium risk
712,46,30,41-75,male,3,30,own,20,NA,5,NA,5,2476,30,21,10,car,130,Medium risk
713,25,20,25-40,male,1,10,own,20,little,10,little,10,1138,30,9,20,radio/TV,120,Medium risk
714,27,20,25-40,male,3,30,own,20,little,10,moderate,20,14027,5,60,5,car,110,Medium risk
715,63,30,41-75,male,2,20,own,20,NA,5,NA,5,7596,15,30,10,car,105,Medium risk
716,40,30,25-40,male,2,20,own,20,NA,5,NA,5,3077,15,30,10,radio/TV,105,Medium risk
717,32,20,25-40,male,3,30,free,5,little,10,NA,5,1505,30,18,10,radio/TV,110,Medium risk
718,31,20,25-40,male,2,20,own,20,NA,5,rich,30,3148,15,24,10,radio/TV,120,Medium risk
719,31,20,25-40,male,2,20,own,20,moderate,15,moderate,20,6148,15,20,10,car,120,Medium risk
720,34,20,25-40,male,3,30,own,20,little,10,rich,30,1337,30,9,20,radio/TV,160,Low risk
721,24,10,<25,female,2,20,rent,10,rich,20,moderate,20,433,30,6,20,education,130,Medium risk
722,24,10,<25,female,1,10,own,20,little,10,little,10,1228,30,12,20,car,110,Medium risk
723,66,30,41-75,female,1,10,own,20,quite rich,30,moderate,20,790,30,9,20,radio/TV,160,Low risk
724,21,10,<25,female,2,20,rent,10,little,10,NA,5,2570,30,27,10,car,95,High risk
725,41,30,41-75,female,1,10,own,20,rich,20,NA,5,250,30,6,20,car,135,Medium risk
726,47,30,41-75,male,1,10,own,20,quite rich,30,NA,5,1316,30,15,10,radio/TV,135,Medium risk
727,25,20,25-40,female,2,20,rent,10,little,10,little,10,1882,30,18,10,radio/TV,110,Medium risk
728,59,30,41-75,female,2,20,rent,10,little,10,moderate,20,6416,15,48,10,business,115,Medium risk
729,36,20,25-40,male,2,20,own,20,rich,20,rich,30,1275,30,24,10,business,150,Low risk
730,33,20,25-40,male,2,20,own,20,little,10,moderate,20,6403,15,24,10,radio/TV,115,Medium risk
731,21,10,<25,male,1,10,rent,10,little,10,little,10,1987,30,24,10,radio/TV,90,High risk
732,44,30,41-75,female,1,10,own,20,little,10,moderate,20,760,30,8,20,radio/TV,140,Low risk
733,28,20,25-40,female,2,20,rent,10,rich,20,NA,5,2603,30,24,10,car,115,Medium risk
734,37,20,25-40,female,2,20,own,20,little,10,NA,5,3380,15,4,20,car,110,Medium risk
735,29,20,25-40,female,0,5,own,20,NA,5,moderate,20,3990,15,36,10,domestic appliances,95,High risk
736,23,10,<25,female,3,30,rent,10,little,10,moderate,20,11560,5,24,10,car,95,High risk
737,35,20,25-40,male,1,10,own,20,moderate,15,little,10,4380,15,18,10,car,100,High risk
738,45,30,41-75,male,3,30,own,20,little,10,NA,5,6761,15,6,20,car,130,Medium risk
739,26,20,25-40,female,1,10,rent,10,moderate,15,moderate,20,4280,15,30,10,business,100,High risk
740,32,20,25-40,male,2,20,own,20,moderate,15,little,10,2325,30,24,10,car,125,Medium risk
741,23,10,<25,male,1,10,own,20,little,10,moderate,20,1048,30,10,20,radio/TV,120,Medium risk
742,41,30,41-75,male,2,20,own,20,NA,5,NA,5,3160,15,21,10,radio/TV,105,Medium risk
743,22,10,<25,male,2,20,own,20,quite rich,30,little,10,2483,30,24,10,furniture/equipment,130,Medium risk
744,30,20,25-40,male,3,30,own,20,NA,5,little,10,14179,5,39,10,furniture/equipment,100,High risk
745,28,20,25-40,male,1,10,own,20,little,10,little,10,1797,30,13,10,business,110,Medium risk
746,23,10,<25,female,2,20,rent,10,little,10,little,10,2511,30,15,10,car,100,High risk
747,37,20,25-40,female,1,10,own,20,little,10,little,10,1274,30,12,20,car,120,Medium risk
748,26,20,25-40,male,2,20,own,20,NA,5,NA,5,5248,15,21,10,car,95,High risk
749,33,20,25-40,male,2,20,own,20,little,10,NA,5,3029,15,15,10,car,100,High risk
750,49,30,41-75,female,2,20,own,20,little,10,little,10,428,30,6,20,furniture/equipment,140,Low risk
751,23,10,<25,female,1,10,own,20,little,10,little,10,976,30,18,10,car,100,High risk
752,23,10,<25,female,1,10,rent,10,moderate,15,moderate,20,841,30,12,20,business,115,Medium risk
753,25,20,25-40,female,2,20,own,20,little,10,NA,5,5771,15,30,10,radio/TV,100,High risk
754,55,30,41-75,male,2,20,free,5,rich,20,NA,5,1555,30,12,20,repairs,130,Medium risk
755,32,20,25-40,female,2,20,rent,10,NA,5,little,10,1285,30,24,10,car,105,Medium risk
756,74,30,41-75,male,0,5,own,20,little,10,rich,30,1299,30,6,20,car,145,Low risk
757,39,20,25-40,male,2,20,free,5,NA,5,rich,30,1271,30,15,10,radio/TV,120,Medium risk
758,31,20,25-40,male,2,20,own,20,little,10,NA,5,1393,30,24,10,car,115,Medium risk
759,35,20,25-40,male,2,20,own,20,little,10,little,10,691,30,12,20,car,130,Medium risk
760,59,30,41-75,female,2,20,own,20,NA,5,NA,5,5045,15,15,10,car,105,Medium risk
761,24,10,<25,female,2,20,rent,10,little,10,little,10,2124,30,18,10,furniture/equipment,100,High risk
762,24,10,<25,male,1,10,own,20,little,10,little,10,2214,30,12,20,radio/TV,110,Medium risk
763,30,20,25-40,male,3,30,free,5,NA,5,NA,5,12680,5,21,10,car,80,High risk
764,27,20,25-40,male,2,20,own,20,moderate,15,NA,5,2463,30,24,10,car,120,Medium risk
765,40,30,25-40,male,1,10,own,20,little,10,moderate,20,1155,30,12,20,radio/TV,140,Low risk
766,31,20,25-40,male,1,10,own,20,little,10,little,10,3108,15,30,10,furniture/equipment,95,High risk
767,31,20,25-40,female,2,20,rent,10,NA,5,NA,5,2901,30,10,20,car,110,Medium risk
768,28,20,25-40,male,2,20,rent,10,little,10,moderate,20,3617,15,12,20,furniture/equipment,115,Medium risk
769,63,30,41-75,male,1,10,own,20,little,10,NA,5,1655,30,12,20,radio/TV,125,Medium risk
770,26,20,25-40,female,2,20,rent,10,NA,5,little,10,2812,30,24,10,car,105,Medium risk
771,25,20,25-40,female,3,30,own,20,little,10,little,10,8065,15,36,10,education,115,Medium risk
772,36,20,25-40,male,3,30,own,20,little,10,NA,5,3275,15,21,10,car,110,Medium risk
773,52,30,41-75,male,2,20,own,20,moderate,15,NA,5,2223,30,24,10,radio/TV,130,Medium risk
774,66,30,41-75,male,0,5,free,5,quite rich,30,rich,30,1480,30,12,20,car,150,Low risk
775,25,20,25-40,female,2,20,rent,10,NA,5,little,10,1371,30,24,10,car,105,Medium risk
776,37,20,25-40,male,2,20,own,20,little,10,NA,5,3535,15,36,10,car,100,High risk
777,25,20,25-40,female,2,20,own,20,little,10,little,10,3509,15,18,10,radio/TV,105,Medium risk
778,38,20,25-40,male,3,30,own,20,rich,20,NA,5,5711,15,36,10,car,120,Medium risk
779,67,30,41-75,female,2,20,own,20,little,10,moderate,20,3872,15,18,10,repairs,125,Medium risk
780,25,20,25-40,male,2,20,own,20,little,10,moderate,20,4933,15,39,10,radio/TV,115,Medium risk
781,60,30,41-75,male,2,20,own,20,rich,20,NA,5,1940,30,24,10,car,135,Medium risk
782,31,20,25-40,male,1,10,own,20,little,10,moderate,20,1410,30,12,20,education,130,Medium risk
783,23,10,<25,female,1,10,own,20,moderate,15,moderate,20,836,30,12,20,car,125,Medium risk
784,60,30,41-75,male,3,30,own,20,NA,5,moderate,20,6468,15,20,10,car,130,Medium risk
785,35,20,25-40,male,1,10,own,20,rich,20,moderate,20,1941,30,18,10,business,130,Medium risk
786,40,30,25-40,male,2,20,own,20,quite rich,30,NA,5,2675,30,22,10,radio/TV,145,Low risk
787,38,20,25-40,male,2,20,own,20,NA,5,NA,5,2751,30,48,10,car,110,Medium risk
788,50,30,41-75,male,2,20,free,5,little,10,moderate,20,6224,15,48,10,education,110,Medium risk
789,27,20,25-40,male,2,20,own,20,little,10,little,10,5998,15,40,10,education,105,Medium risk
790,39,20,25-40,female,2,20,own,20,little,10,moderate,20,1188,30,21,10,business,130,Medium risk
791,41,30,41-75,male,3,30,own,20,NA,5,NA,5,6313,15,24,10,car,115,Medium risk
792,27,20,25-40,male,2,20,own,20,NA,5,NA,5,1221,30,6,20,furniture/equipment,120,Medium risk
793,51,30,41-75,male,2,20,free,5,little,10,rich,30,2892,30,24,10,furniture/equipment,135,Medium risk
794,32,20,25-40,male,2,20,rent,10,quite rich,30,NA,5,3062,15,24,10,furniture/equipment,110,Medium risk
795,22,10,<25,female,2,20,rent,10,moderate,15,NA,5,2301,30,9,20,furniture/equipment,110,Medium risk
796,51,30,41-75,male,2,20,free,5,NA,5,little,10,7511,15,18,10,car,95,High risk
797,22,10,<25,female,1,10,rent,10,little,10,NA,5,1258,30,12,20,furniture/equipment,95,High risk
798,54,30,41-75,male,2,20,own,20,NA,5,NA,5,717,30,24,10,car,120,Medium risk
799,35,20,25-40,male,0,5,own,20,NA,5,moderate,20,1549,30,9,20,car,120,Medium risk
800,54,30,41-75,male,2,20,free,5,little,10,NA,5,1597,30,24,10,education,110,Medium risk
801,48,30,41-75,female,1,10,rent,10,little,10,moderate,20,1795,30,18,10,radio/TV,120,Medium risk
802,24,10,<25,female,2,20,own,20,little,10,little,10,4272,15,20,10,furniture/equipment,95,High risk
803,35,20,25-40,male,2,20,own,20,NA,5,NA,5,976,30,12,20,radio/TV,120,Medium risk
804,24,10,<25,female,0,5,rent,10,NA,5,moderate,20,7472,15,12,20,car,85,High risk
805,24,10,<25,male,2,20,own,20,little,10,little,10,9271,15,36,10,car,95,High risk
806,26,20,25-40,male,1,10,own,20,little,10,moderate,20,590,30,6,20,radio/TV,130,Medium risk
807,65,30,41-75,male,2,20,own,20,NA,5,NA,5,930,30,12,20,radio/TV,130,Medium risk
808,55,30,41-75,male,3,30,free,5,little,10,moderate,20,9283,15,42,10,car,120,Medium risk
809,26,20,25-40,female,0,5,rent,10,little,10,moderate,20,1778,30,15,10,car,105,Medium risk
810,26,20,25-40,male,2,20,own,20,little,10,moderate,20,907,30,8,20,business,140,Low risk
811,28,20,25-40,male,1,10,own,20,little,10,moderate,20,484,30,6,20,radio/TV,130,Medium risk
812,24,10,<25,male,2,20,own,20,little,10,little,10,9629,15,36,10,car,95,High risk
813,54,30,41-75,male,2,20,own,20,little,10,little,10,3051,15,48,10,domestic appliances,115,Medium risk
814,46,30,41-75,male,2,20,free,5,little,10,little,10,3931,15,48,10,car,100,High risk
815,54,30,41-75,female,2,20,rent,10,little,10,moderate,20,7432,15,36,10,car,115,Medium risk
816,62,30,41-75,male,2,20,own,20,quite rich,30,NA,5,1338,30,6,20,domestic appliances,155,Low risk
817,24,10,<25,female,2,20,rent,10,little,10,NA,5,1554,30,6,20,radio/TV,105,Medium risk
818,43,30,41-75,male,3,30,own,20,little,10,little,10,15857,5,36,10,vacation/others,115,Medium risk
819,26,20,25-40,male,2,20,own,20,little,10,little,10,1345,30,18,10,radio/TV,120,Medium risk
820,27,20,25-40,male,2,20,own,20,little,10,NA,5,1101,30,12,20,car,125,Medium risk
821,24,10,<25,male,2,20,own,20,little,10,rich,30,3016,15,12,20,radio/TV,125,Medium risk
822,41,30,41-75,male,2,20,own,20,little,10,little,10,2712,30,36,10,furniture/equipment,130,Medium risk
823,47,30,41-75,male,1,10,own,20,little,10,little,10,731,30,8,20,car,130,Medium risk
824,35,20,25-40,male,3,30,own,20,little,10,NA,5,3780,15,18,10,furniture/equipment,110,Medium risk
825,30,20,25-40,male,2,20,own,20,little,10,little,10,1602,30,21,10,car,120,Medium risk
826,33,20,25-40,female,2,20,rent,10,little,10,little,10,3966,15,18,10,car,95,High risk
827,36,20,25-40,male,2,20,own,20,little,10,NA,5,4165,15,18,10,business,100,High risk
828,47,30,41-75,male,2,20,free,5,NA,5,little,10,8335,15,36,10,car,95,High risk
829,38,20,25-40,male,2,20,free,5,NA,5,moderate,20,6681,15,48,10,business,95,High risk
830,44,30,41-75,male,2,20,own,20,quite rich,30,NA,5,2375,30,24,10,business,145,Low risk
831,23,10,<25,female,2,20,rent,10,little,10,little,10,1216,30,18,10,car,100,High risk
832,29,20,25-40,male,2,20,rent,10,little,10,little,10,11816,5,45,10,business,85,High risk
833,42,30,41-75,female,2,20,own,20,NA,5,moderate,20,5084,15,24,10,radio/TV,120,Medium risk
834,25,20,25-40,female,1,10,own,20,little,10,rich,30,2327,30,15,10,radio/TV,130,Medium risk
835,48,30,41-75,male,2,20,own,20,little,10,little,10,1082,30,12,20,car,140,Low risk
836,21,10,<25,female,2,20,own,20,NA,5,NA,5,886,30,12,20,radio/TV,110,Medium risk
837,23,10,<25,female,1,10,rent,10,little,10,NA,5,601,30,4,20,furniture/equipment,95,High risk
838,63,30,41-75,male,2,20,own,20,little,10,little,10,2957,30,24,10,car,130,Medium risk
839,46,30,41-75,male,2,20,own,20,little,10,NA,5,2611,30,24,10,radio/TV,125,Medium risk
840,29,20,25-40,male,2,20,own,20,little,10,little,10,5179,15,36,10,furniture/equipment,105,Medium risk
841,28,20,25-40,male,1,10,own,20,little,10,NA,5,2993,30,21,10,car,105,Medium risk
842,23,10,<25,female,2,20,own,20,little,10,NA,5,1943,30,18,10,repairs,105,Medium risk
843,50,30,41-75,male,2,20,own,20,little,10,NA,5,1559,30,24,10,business,125,Medium risk
844,47,30,41-75,male,2,20,own,20,little,10,NA,5,3422,15,18,10,furniture/equipment,110,Medium risk
845,35,20,25-40,male,2,20,own,20,NA,5,moderate,20,3976,15,21,10,furniture/equipment,110,Medium risk
846,68,30,41-75,male,2,20,rent,10,NA,5,NA,5,6761,15,18,10,car,95,High risk
847,28,20,25-40,male,2,20,own,20,little,10,NA,5,1249,30,24,10,car,115,Medium risk
848,59,30,41-75,male,2,20,own,20,little,10,little,10,1364,30,9,20,radio/TV,140,Low risk
849,57,30,41-75,male,1,10,own,20,little,10,little,10,709,30,12,20,radio/TV,130,Medium risk
850,33,20,25-40,male,2,20,rent,10,little,10,little,10,2235,30,20,10,car,110,Medium risk
851,43,30,41-75,male,2,20,own,20,NA,5,NA,5,4042,15,24,10,car,105,Medium risk
852,35,20,25-40,male,2,20,free,5,little,10,NA,5,1471,30,15,10,radio/TV,100,High risk
853,32,20,25-40,male,1,10,free,5,little,10,little,10,1442,30,18,10,car,95,High risk
854,45,30,41-75,male,2,20,own,20,little,10,NA,5,10875,5,36,10,car,100,High risk
855,33,20,25-40,male,2,20,own,20,moderate,15,NA,5,1474,30,24,10,car,120,Medium risk
856,40,30,25-40,female,2,20,own,20,NA,5,NA,5,894,30,10,20,education,130,Medium risk
857,28,20,25-40,male,2,20,free,5,little,10,NA,5,3343,15,15,10,furniture/equipment,85,High risk
858,29,20,25-40,female,2,20,own,20,little,10,little,10,3959,15,15,10,car,105,Medium risk
859,26,20,25-40,male,2,20,rent,10,moderate,15,NA,5,3577,15,9,20,car,105,Medium risk
860,27,20,25-40,male,2,20,own,20,rich,20,NA,5,5804,15,24,10,car,110,Medium risk
861,28,20,25-40,male,2,20,own,20,little,10,NA,5,2169,30,18,10,business,115,Medium risk
862,35,20,25-40,female,2,20,own,20,little,10,little,10,2439,30,24,10,radio/TV,120,Medium risk
863,32,20,25-40,male,1,10,own,20,rich,20,NA,5,4526,15,27,10,furniture/equipment,100,High risk
864,25,20,25-40,male,1,10,rent,10,little,10,NA,5,2210,30,10,20,furniture/equipment,105,Medium risk
865,20,10,<25,female,2,20,rent,10,quite rich,30,NA,5,2221,30,15,10,furniture/equipment,115,Medium risk
866,27,20,25-40,female,2,20,own,20,little,10,little,10,2389,30,18,10,radio/TV,120,Medium risk
867,42,30,41-75,male,2,20,own,20,little,10,NA,5,3331,15,12,20,furniture/equipment,120,Medium risk
868,37,20,25-40,male,2,20,own,20,NA,5,NA,5,7409,15,36,10,business,95,High risk
869,24,10,<25,female,2,20,rent,10,little,10,little,10,652,30,12,20,furniture/equipment,110,Medium risk
870,40,30,25-40,female,2,20,own,20,quite rich,30,NA,5,7678,15,36,10,furniture/equipment,130,Medium risk
871,46,30,41-75,male,2,20,own,20,little,10,rich,30,1343,30,6,20,car,160,Low risk
872,26,20,25-40,male,2,20,own,20,moderate,15,little,10,1382,30,24,10,business,125,Medium risk
873,24,10,<25,female,2,20,own,20,NA,5,NA,5,874,30,15,10,domestic appliances,100,High risk
874,29,20,25-40,male,1,10,own,20,little,10,little,10,3590,15,12,20,furniture/equipment,105,Medium risk
875,40,30,25-40,female,2,20,own,20,rich,20,moderate,20,1322,30,11,20,car,160,Low risk
876,36,20,25-40,male,3,30,free,5,little,10,little,10,1940,30,18,10,radio/TV,115,Medium risk
877,28,20,25-40,male,2,20,own,20,little,10,NA,5,3595,15,36,10,radio/TV,100,High risk
878,27,20,25-40,male,3,30,free,5,little,10,little,10,1422,30,9,20,car,125,Medium risk
879,36,20,25-40,male,2,20,own,20,NA,5,NA,5,6742,15,30,10,radio/TV,95,High risk
880,38,20,25-40,male,3,30,own,20,little,10,NA,5,7814,15,24,10,car,110,Medium risk
881,48,30,41-75,male,2,20,free,5,NA,5,NA,5,9277,15,24,10,car,90,High risk
882,36,20,25-40,male,2,20,own,20,NA,5,moderate,20,2181,30,30,10,car,125,Medium risk
883,65,30,41-75,female,0,5,own,20,little,10,NA,5,1098,30,18,10,radio/TV,110,Medium risk
884,43,30,41-75,male,2,20,own,20,little,10,moderate,20,4057,15,24,10,furniture/equipment,125,Medium risk
885,53,30,41-75,female,2,20,own,20,little,10,little,10,795,30,12,20,education,140,Low risk
886,34,20,25-40,male,2,20,own,20,NA,5,moderate,20,2825,30,24,10,business,125,Medium risk
887,23,10,<25,male,2,20,own,20,little,10,moderate,20,15672,5,48,10,business,95,High risk
888,34,20,25-40,male,3,30,own,20,little,10,NA,5,6614,15,36,10,car,110,Medium risk
889,40,30,25-40,male,2,20,rent,10,NA,5,NA,5,7824,15,28,10,car,95,High risk
890,43,30,41-75,male,3,30,own,20,little,10,little,10,2442,30,27,10,business,140,Low risk
891,46,30,41-75,male,2,20,own,20,little,10,NA,5,1829,30,15,10,radio/TV,125,Medium risk
892,38,20,25-40,male,1,10,own,20,little,10,little,10,2171,30,12,20,car,120,Medium risk
893,34,20,25-40,male,2,20,own,20,little,10,moderate,20,5800,15,36,10,car,115,Medium risk
894,29,20,25-40,male,2,20,own,20,NA,5,NA,5,1169,30,18,10,radio/TV,110,Medium risk
895,31,20,25-40,male,3,30,own,20,NA,5,NA,5,8947,15,36,10,car,105,Medium risk
896,28,20,25-40,female,3,30,rent,10,little,10,little,10,2606,30,21,10,radio/TV,120,Medium risk
897,35,20,25-40,female,2,20,own,20,rich,20,NA,5,1592,30,12,20,furniture/equipment,135,Medium risk
898,33,20,25-40,female,1,10,rent,10,NA,5,NA,5,2186,30,15,10,furniture/equipment,90,High risk
899,42,30,41-75,male,2,20,own,20,little,10,little,10,4153,15,18,10,furniture/equipment,115,Medium risk
900,43,30,41-75,male,2,20,rent,10,little,10,little,10,2625,30,16,10,car,120,Medium risk
901,44,30,41-75,male,2,20,own,20,NA,5,NA,5,3485,15,20,10,car,105,Medium risk
902,42,30,41-75,male,2,20,free,5,NA,5,NA,5,10477,5,36,10,car,80,High risk
903,40,30,25-40,male,2,20,rent,10,NA,5,NA,5,1386,30,15,10,radio/TV,110,Medium risk
904,36,20,25-40,male,3,30,own,20,little,10,NA,5,1278,30,24,10,radio/TV,125,Medium risk
905,20,10,<25,male,3,30,rent,10,little,10,little,10,1107,30,12,20,radio/TV,120,Medium risk
906,24,10,<25,male,1,10,own,20,NA,5,little,10,3763,15,21,10,car,80,High risk
907,27,20,25-40,male,2,20,own,20,NA,5,moderate,20,3711,15,36,10,education,110,Medium risk
908,46,30,41-75,female,1,10,own,20,little,10,NA,5,3594,15,15,10,car,100,High risk
909,33,20,25-40,female,1,10,own,20,NA,5,moderate,20,3195,15,9,20,car,110,Medium risk
910,34,20,25-40,female,2,20,own,20,little,10,NA,5,4454,15,36,10,radio/TV,100,High risk
911,25,20,25-40,female,1,10,own,20,little,10,moderate,20,4736,15,24,10,furniture/equipment,105,Medium risk
912,25,20,25-40,female,2,20,own,20,NA,5,moderate,20,2991,30,30,10,radio/TV,125,Medium risk
913,28,20,25-40,male,2,20,own,20,rich,20,NA,5,2142,30,11,20,business,135,Medium risk
914,31,20,25-40,male,2,20,rent,10,little,10,little,10,3161,15,24,10,business,95,High risk
915,32,20,25-40,female,3,30,own,20,little,10,moderate,20,18424,5,48,10,vacation/others,115,Medium risk
916,32,20,25-40,male,2,20,own,20,moderate,15,NA,5,2848,30,10,20,car,130,Medium risk
917,68,30,41-75,male,3,30,own,20,little,10,little,10,14896,5,6,20,car,125,Medium risk
918,33,20,25-40,male,2,20,own,20,moderate,15,little,10,2359,30,24,10,furniture/equipment,125,Medium risk
919,39,20,25-40,male,3,30,rent,10,little,10,little,10,3345,15,24,10,furniture/equipment,105,Medium risk
920,28,20,25-40,female,2,20,own,20,little,10,NA,5,1817,30,18,10,furniture/equipment,115,Medium risk
921,37,20,25-40,male,3,30,own,20,quite rich,30,NA,5,12749,5,48,10,radio/TV,120,Medium risk
922,22,10,<25,female,2,20,rent,10,little,10,little,10,1366,30,9,20,radio/TV,110,Medium risk
923,30,20,25-40,male,2,20,rent,10,little,10,moderate,20,2002,30,12,20,car,130,Medium risk
924,55,30,41-75,male,2,20,own,20,little,10,little,10,6872,15,24,10,furniture/equipment,115,Medium risk
925,46,30,41-75,male,2,20,own,20,little,10,little,10,697,30,12,20,car,140,Low risk
926,21,10,<25,female,2,20,rent,10,little,10,little,10,1049,30,18,10,furniture/equipment,100,High risk
927,39,20,25-40,male,2,20,free,5,little,10,little,10,10297,5,48,10,car,80,High risk
928,58,30,41-75,male,2,20,own,20,NA,5,NA,5,1867,30,30,10,radio/TV,120,Medium risk
929,43,30,41-75,male,1,10,own,20,little,10,little,10,1344,30,12,20,car,130,Medium risk
930,24,10,<25,male,1,10,own,20,little,10,little,10,1747,30,24,10,furniture/equipment,100,High risk
931,22,10,<25,female,2,20,own,20,little,10,moderate,20,1670,30,9,20,radio/TV,130,Medium risk
932,30,20,25-40,male,2,20,own,20,little,10,NA,5,1224,30,9,20,car,125,Medium risk
933,42,30,41-75,male,2,20,own,20,quite rich,30,NA,5,522,30,12,20,radio/TV,155,Low risk
934,23,10,<25,female,2,20,own,20,little,10,little,10,1498,30,12,20,radio/TV,120,Medium risk
935,30,20,25-40,male,3,30,own,20,moderate,15,moderate,20,1919,30,30,10,radio/TV,145,Low risk
936,28,20,25-40,female,1,10,own,20,little,10,rich,30,745,30,9,20,radio/TV,140,Low risk
937,30,20,25-40,male,3,30,rent,10,little,10,moderate,20,2063,30,6,20,radio/TV,140,Low risk
938,42,30,41-75,male,2,20,free,5,little,10,moderate,20,6288,15,60,5,education,105,Medium risk
939,46,30,41-75,male,3,30,own,20,NA,5,NA,5,6842,15,24,10,car,115,Medium risk
940,45,30,41-75,male,3,30,own,20,NA,5,NA,5,3527,15,12,20,car,125,Medium risk
941,31,20,25-40,male,1,10,own,20,little,10,NA,5,1546,30,10,20,car,115,Medium risk
942,31,20,25-40,male,2,20,own,20,NA,5,NA,5,929,30,24,10,furniture/equipment,110,Medium risk
943,42,30,41-75,male,1,10,own,20,little,10,NA,5,1455,30,4,20,car,125,Medium risk
944,46,30,41-75,female,2,20,rent,10,little,10,little,10,1845,30,15,10,furniture/equipment,120,Medium risk
945,30,20,25-40,female,2,20,own,20,quite rich,30,moderate,20,8358,15,48,10,car,135,Medium risk
946,30,20,25-40,male,2,20,free,5,quite rich,30,little,10,3349,15,24,10,furniture/equipment,110,Medium risk
947,38,20,25-40,male,3,30,own,20,NA,5,NA,5,2859,30,12,20,car,130,Medium risk
948,43,30,41-75,male,1,10,own,20,little,10,NA,5,1533,30,18,10,furniture/equipment,115,Medium risk
949,31,20,25-40,male,2,20,own,20,moderate,15,NA,5,3621,15,24,10,radio/TV,105,Medium risk
950,40,30,25-40,male,0,5,own,20,little,10,moderate,20,3590,15,18,10,business,110,Medium risk
951,24,10,<25,male,2,20,own,20,little,10,little,10,2145,30,36,10,business,110,Medium risk
952,28,20,25-40,female,2,20,rent,10,quite rich,30,moderate,20,4113,15,24,10,car,125,Medium risk
953,26,20,25-40,female,3,30,own,20,little,10,NA,5,10974,5,36,10,furniture/equipment,100,High risk
954,29,20,25-40,female,2,20,own,20,little,10,little,10,1893,30,12,20,car,130,Medium risk
955,57,30,41-75,female,3,30,rent,10,rich,20,little,10,1231,30,24,10,radio/TV,140,Low risk
956,49,30,41-75,male,1,10,own,20,NA,5,rich,30,3656,15,30,10,radio/TV,120,Medium risk
957,37,20,25-40,male,1,10,own,20,little,10,moderate,20,1154,30,9,20,radio/TV,130,Medium risk
958,45,30,41-75,male,1,10,own,20,little,10,little,10,4006,15,28,10,car,105,Medium risk
959,30,20,25-40,male,2,20,free,5,moderate,15,moderate,20,3069,15,24,10,furniture/equipment,105,Medium risk
960,30,20,25-40,male,2,20,rent,10,little,10,NA,5,1740,30,6,20,radio/TV,115,Medium risk
961,47,30,41-75,male,2,20,own,20,little,10,moderate,20,2353,30,21,10,car,140,Low risk
962,29,20,25-40,male,2,20,own,20,NA,5,NA,5,3556,15,15,10,car,95,High risk
963,35,20,25-40,male,2,20,own,20,quite rich,30,NA,5,2397,30,24,10,radio/TV,135,Medium risk
964,22,10,<25,male,1,10,own,20,little,10,moderate,20,454,30,6,20,repairs,120,Medium risk
965,26,20,25-40,female,2,20,own,20,NA,5,moderate,20,1715,30,30,10,radio/TV,125,Medium risk
966,23,10,<25,male,1,10,own,20,quite rich,30,moderate,20,2520,30,27,10,radio/TV,130,Medium risk
967,54,30,41-75,female,3,30,rent,10,little,10,NA,5,3568,15,15,10,radio/TV,110,Medium risk
968,29,20,25-40,male,2,20,rent,10,NA,5,NA,5,7166,15,42,10,radio/TV,85,High risk
969,40,30,25-40,male,1,10,own,20,little,10,little,10,3939,15,11,20,car,115,Medium risk
970,22,10,<25,male,2,20,own,20,moderate,15,moderate,20,1514,30,15,10,repairs,125,Medium risk
971,43,30,41-75,male,1,10,own,20,little,10,NA,5,7393,15,24,10,car,100,High risk
972,29,20,25-40,female,0,5,rent,10,little,10,little,10,1193,30,24,10,car,95,High risk
973,36,20,25-40,male,2,20,rent,10,little,10,little,10,7297,15,60,5,business,90,High risk
974,33,20,25-40,female,2,20,own,20,little,10,NA,5,2831,30,30,10,radio/TV,115,Medium risk
975,57,30,41-75,female,1,10,own,20,quite rich,30,rich,30,1258,30,24,10,radio/TV,160,Low risk
976,64,30,41-75,female,2,20,own,20,little,10,moderate,20,753,30,6,20,radio/TV,150,Low risk
977,42,30,41-75,male,2,20,own,20,NA,5,moderate,20,2427,30,18,10,business,135,Medium risk
978,47,30,41-75,male,1,10,own,20,little,10,NA,5,2538,30,24,10,car,115,Medium risk
979,25,20,25-40,male,2,20,rent,10,moderate,15,moderate,20,1264,30,15,10,car,125,Medium risk
980,49,30,41-75,male,2,20,own,20,little,10,moderate,20,8386,15,30,10,furniture/equipment,125,Medium risk
981,33,20,25-40,male,3,30,rent,10,little,10,NA,5,4844,15,48,10,business,100,High risk
982,28,20,25-40,female,3,30,own,20,moderate,15,rich,30,2923,30,21,10,car,155,Low risk
983,26,20,25-40,male,2,20,own,20,little,10,little,10,8229,15,36,10,car,105,Medium risk
984,30,20,25-40,male,1,10,own,20,little,10,NA,5,2028,30,24,10,furniture/equipment,105,Medium risk
985,25,20,25-40,female,2,20,rent,10,little,10,little,10,1433,30,15,10,furniture/equipment,110,Medium risk
986,33,20,25-40,male,2,20,own,20,little,10,rich,30,6289,15,42,10,business,125,Medium risk
987,64,30,41-75,female,2,20,own,20,moderate,15,NA,5,1409,30,13,10,radio/TV,130,Medium risk
988,29,20,25-40,male,3,30,free,5,little,10,little,10,6579,15,24,10,car,100,High risk
989,48,30,41-75,male,1,10,own,20,little,10,moderate,20,1743,30,24,10,radio/TV,130,Medium risk
990,37,20,25-40,male,1,10,own,20,NA,5,NA,5,3565,15,12,20,education,95,High risk
991,34,20,25-40,male,1,10,own,20,moderate,15,NA,5,1569,30,15,10,radio/TV,110,Medium risk
992,23,10,<25,male,1,10,rent,10,NA,5,little,10,1936,30,18,10,radio/TV,85,High risk
993,30,20,25-40,male,3,30,own,20,little,10,little,10,3959,15,36,10,furniture/equipment,115,Medium risk
994,50,30,41-75,male,2,20,own,20,NA,5,NA,5,2390,30,12,20,car,130,Medium risk
995,31,20,25-40,female,1,10,own,20,little,10,NA,5,1736,30,12,20,furniture/equipment,115,Medium risk
996,40,30,25-40,male,3,30,own,20,little,10,little,10,3857,15,30,10,car,125,Medium risk
997,38,20,25-40,male,2,20,own,20,little,10,NA,5,804,30,12,20,radio/TV,125,Medium risk
998,23,10,<25,male,2,20,free,5,little,10,little,10,1845,30,45,10,radio/TV,95,High risk
999,27,20,25-40,male,2,20,own,20,moderate,15,moderate,20,4576,15,45,10,car,120,Medium risk
